,baseMean,log2FoldChange,lfcSE,pvalue,padj
ENSG00000152583,997.444732611474,4.55984812888768,0.185882962961611,4.11066699528406e-136,7.41235472589622e-132
ENSG00000165995,495.095686525811,3.28011870062061,0.133205641093325,4.46338432285823e-135,4.02418730548898e-131
ENSG00000120129,3409.03835490143,2.93659108578568,0.122502377795044,3.03383945667791e-129,1.8235397694272e-125
ENSG00000101347,12703.4128252398,3.75434217873729,0.157610116734443,7.68265697143026e-129,3.46334176272076e-125
ENSG00000189221,2341.78067569054,3.34129982856853,0.143233990213399,5.21270561140548e-123,1.87991015169727e-119
ENSG00000211445,12285.7000547124,3.7161110586918,0.168482711601878,2.58505906221484e-111,7.76896416830967e-108
ENSG00000157214,3009.27287526155,1.96925553336688,0.0906310648613435,6.09134840298178e-106,1.56913134860811e-102
ENSG00000162614,5393.11454093552,2.02783015169201,0.0949583391937721,1.56546228389428e-102,3.52855198789771e-99
ENSG00000125148,3656.26740037453,2.19875185837651,0.106506271903058,1.84964416889971e-96,3.70586485039995e-93
ENSG00000154734,30315.113170016,2.33454224260622,0.117002359960968,2.26675650442129e-90,4.08741532877247e-87
ENSG00000139132,1223.46315207371,2.21692261012335,0.113488041298946,1.72987629956755e-86,2.83573903943656e-83
ENSG00000162493,1099.63807723644,1.87508625830144,0.0961079014624051,2.08475763867766e-86,3.13269581171963e-83
ENSG00000134243,5510.95647651194,2.18255953093704,0.113053253118403,7.48117677910844e-85,1.03769676677603e-81
ENSG00000179094,776.600164098613,3.17661428279986,0.165503849830026,2.57518271233415e-84,3.31683533348639e-81
ENSG00000162692,508.164810682556,-3.67283076179412,0.19190051216273,4.47628015467288e-84,5.38108558327076e-81
ENSG00000163884,561.111048261822,4.43257650119608,0.237444574664146,1.99061929588957e-80,2.24342794646754e-77
ENSG00000178695,2649.82251474546,-2.51328753405729,0.135865307065716,1.94338882069401e-78,2.06136395380908e-75
ENSG00000198624,2057.20440873193,2.90118982481987,0.163537769423653,7.69555571016618e-73,7.70923669809536e-70
ENSG00000148848,1365.16397466345,-1.80357201864548,0.101098821089346,1.63685977780703e-72,1.55346607965349e-69
ENSG00000107562,25136.0890181904,-1.90081145333381,0.106784976168138,2.54996719655702e-72,2.29905042441581e-69
ENSG00000146250,313.686159348886,-2.73911898304914,0.154931134316941,3.52605331403757e-71,3.0277044456536e-68
ENSG00000106976,884.737400832367,-1.74612962393802,0.100110393359572,2.99651894657595e-69,2.45605589293898e-66
ENSG00000154930,670.046865009161,1.88691041223287,0.109042313939904,2.60506149605371e-68,2.0423682129061e-65
ENSG00000163394,1216.57690967205,-2.17414524604649,0.126330035209248,8.10766356274223e-68,6.09155789014033e-65
ENSG00000253368,1040.17481746375,1.97596712480266,0.115156135554151,2.13866187151147e-67,1.54257403468379e-64
ENSG00000163661,8565.67576080715,2.24604994906055,0.132286581076509,2.00711297201827e-66,1.39201004274744e-63
ENSG00000162616,1467.63832301977,1.50934323246044,0.0885021377197934,2.19473731727657e-66,1.46575938167152e-63
ENSG00000124766,1281.45678699994,-2.39437194283872,0.142277394052258,1.48172957416251e-65,9.54233845760659e-63
ENSG00000148175,11193.7231981539,1.43902681616636,0.0851937421951538,3.16391378106359e-65,1.92452572405019e-62
ENSG00000197381,1969.04008868001,2.30569242130585,0.13714299316032,3.2018506944047e-65,1.92452572405019e-62
ENSG00000172403,8014.79636483276,1.73286068146514,0.104363056674867,2.55244786690006e-63,1.48470128825619e-60
ENSG00000116285,3232.63588079279,2.40977545817128,0.146088085182059,5.31820928289139e-63,2.9968109309093e-60
ENSG00000163083,418.919472436378,3.42491019671153,0.210602383244624,1.86722808750255e-61,1.02029869314685e-58
ENSG00000166741,7432.96098233325,2.17129163454016,0.136188848119773,4.5583061688779e-59,2.41751108344724e-56
ENSG00000070404,2128.12177561681,1.80194396629629,0.114343662299716,2.33864686965982e-57,1.20487086724874e-54
ENSG00000105989,333.209551189312,-3.01747530214664,0.191800316269545,4.01042435939665e-57,2.00877700135112e-54
ENSG00000122035,943.340735322473,2.27182187925161,0.146044971236638,4.11818063535869e-56,2.00700089775102e-53
ENSG00000119139,5029.85477688044,1.91308809363204,0.123591228792124,1.27348977589179e-55,6.04304411549495e-53
ENSG00000136478,3701.51777497719,1.45471997557272,0.0939551901407878,2.78755840044206e-55,1.28885264299413e-52
ENSG00000196569,17178.4005648725,2.01456187911163,0.134472003038558,1.90040309394326e-52,8.56701714749623e-50
ENSG00000108821,100989.91598642,-1.29451116560796,0.0863982806923594,6.20787394544717e-52,2.73025324351959e-49
ENSG00000221866,847.490034652657,2.72819360365974,0.184266059599659,1.03434506854707e-51,4.44078816096209e-49
ENSG00000100242,2236.24203648175,1.84336074333615,0.12416568806959,2.42534949749781e-51,1.00151809256391e-48
ENSG00000172986,756.360325010941,-1.56325513083673,0.104683627929196,2.44381078487201e-51,1.00151809256391e-48
ENSG00000060718,363.7631440814,2.40759068374776,0.16253332453142,4.04105045319863e-51,1.55038769727825e-48
ENSG00000134686,2737.98162586977,1.37593032528707,0.0926296266522758,4.01201000119716e-51,1.55038769727825e-48
ENSG00000145685,2018.15055205869,-1.23145406744139,0.0826442803215505,3.91723985010729e-51,1.55038769727825e-48
ENSG00000099337,530.05884935417,2.69464219049154,0.182937158236034,6.88002065641413e-51,2.58459442659291e-48
ENSG00000157150,167.615767587415,2.9196654119874,0.197253270272816,8.11079011334133e-51,2.98477076170961e-48
ENSG00000126803,449.176836543226,2.42779382997508,0.16532797685545,1.15889215990375e-50,4.17942868547687e-48
ENSG00000102804,5397.33558773763,1.19313182797912,0.0806681209416882,1.60273020978847e-50,5.66675120449131e-48
ENSG00000138316,799.560819258847,-2.48751270127299,0.171337851898165,1.04899629100379e-49,3.63759636911161e-47
ENSG00000133142,3055.98067746606,1.52441542603448,0.104627978123837,1.79503349084623e-49,6.10717809564891e-47
ENSG00000131389,740.403133853245,-2.10544547643079,0.146538875685815,1.94555393547814e-48,6.49670899343366e-46
ENSG00000168309,159.530276360668,4.79015966227871,0.331313268146922,1.99225781165227e-48,6.53170779267524e-46
ENSG00000103196,3082.088884672,2.60650981215037,0.183175620034057,2.44831171724102e-48,7.88356372951609e-46
ENSG00000124440,197.042690626187,2.50689387307711,0.174136928035475,3.88244467949145e-48,1.22821478001035e-45
ENSG00000152268,1597.85828741008,1.89594450573769,0.132414678801505,5.03268757064243e-48,1.56464521161766e-45
ENSG00000163171,1357.57299789907,1.49254381510721,0.104069893644197,7.23231234475663e-48,2.21039078306189e-45
ENSG00000103742,370.827770473622,-2.17748725289862,0.152793819815134,1.84330781725136e-47,5.44893878043878e-45
ENSG00000141401,627.528067458797,2.3056857845321,0.162281694390095,1.82092153437925e-47,5.44893878043878e-45
ENSG00000112837,2754.94303068407,-1.81713579668332,0.128797568491444,1.02802599253785e-46,2.98989753184556e-44
ENSG00000164647,1920.71084944799,1.55305908479334,0.110365334665344,2.82077809741492e-46,8.07369375437872e-44
ENSG00000068383,1247.23914866505,1.3687430166353,0.0976894772653772,9.88360678634274e-46,2.78470621205207e-43
ENSG00000156675,1631.8741313659,1.53390653057106,0.110378081425461,3.89667543039839e-45,1.08099771324529e-42
ENSG00000136999,435.706358063201,-2.52668584008168,0.184733486779681,2.00934939198397e-44,5.48978609640225e-42
ENSG00000196517,229.638049919376,-2.2077139476311,0.161559884400571,9.34615501572478e-44,2.47838040064043e-41
ENSG00000206538,12754.9344048327,1.35110782542199,0.0990830411116282,9.30500504555235e-44,2.47838040064043e-41
ENSG00000227051,4615.70080486906,-1.13918195639535,0.0835901769650681,1.82607514262944e-43,4.77214303940494e-41
ENSG00000134363,2906.30973919635,-1.78893927013608,0.132390230986722,3.47976317992842e-43,8.9638699514956e-41
ENSG00000109906,385.071327676389,7.27322652350135,0.543827676866861,9.14254824785842e-43,2.32194971838568e-40
ENSG00000149218,2027.18420510953,1.90707847687507,0.142020759537388,1.01070056965034e-42,2.53124342665763e-40
ENSG00000167641,231.672665874094,2.86569385437133,0.214595148120213,1.61831702977367e-42,3.94344495687552e-40
ENSG00000185432,3885.65647195502,2.22675580806551,0.167279128538515,2.14899844374379e-42,5.16676532501173e-40
ENSG00000163378,1805.28792859584,1.24960962139437,0.0931766965561935,4.0611847941607e-42,9.63569529056655e-40
ENSG00000126016,386.412442581616,-2.34911040055106,0.17677579022108,5.6859441717968e-42,1.33154474423169e-39
ENSG00000106484,677.207250627007,-1.844046110568,0.138322339863009,5.98125630156198e-42,1.38274376448418e-39
ENSG00000196975,4908.81788741262,1.17228407350511,0.0880346670199905,1.21224146486195e-41,2.76697950561907e-39
ENSG00000150907,678.867910303335,2.20334291827879,0.166727520940951,1.38814694023499e-41,3.12888320328968e-39
ENSG00000151726,1460.17591174986,1.5864215534481,0.119460255136785,1.49879967308092e-41,3.33658712407347e-39
ENSG00000130513,451.001146431513,-1.84796794207925,0.139324204128887,1.52060264538765e-41,3.34384230507684e-39
ENSG00000221869,1963.57514702786,1.48341002736459,0.112286678696274,3.50772874156746e-41,7.62064634553547e-39
ENSG00000169715,554.197192328851,2.19832486200977,0.168572660631195,1.18167946752591e-40,2.53667192362229e-38
ENSG00000145390,8442.04514236764,2.12379600789227,0.164393355741024,4.00660066312908e-40,8.49964978324043e-38
ENSG00000147027,12593.314252767,1.15313933493361,0.0882941263032709,4.33850256018584e-40,9.09673001921757e-38
ENSG00000185950,1974.87889005049,2.10068341410844,0.16257917140475,4.95643036348106e-40,1.02729140591139e-37
ENSG00000013293,244.49400651336,-2.85008079376483,0.220132713279373,5.85203663859046e-40,1.19913550758026e-37
ENSG00000131831,1017.17356476016,1.41459199147322,0.10940772275475,2.7458434839546e-39,5.56326401153589e-37
ENSG00000137672,655.448854141464,1.93276082086058,0.151451587031959,8.41675351846366e-39,1.68634332716596e-36
ENSG00000146122,1942.42555424956,1.6648880187591,0.130465036749505,1.11214655228151e-38,2.20376116821321e-36
ENSG00000020577,3104.99903050483,1.18991734275913,0.0933602126132589,2.2894805918833e-38,4.48738196009127e-36
ENSG00000119138,1683.27622905212,2.05583191807873,0.162912422137465,2.37495821844466e-38,4.60486522526818e-36
ENSG00000163110,1314.18347975196,1.58782513728464,0.12515284236438,3.11152576823364e-38,5.968833260935e-36
ENSG00000138735,6850.21318844962,-1.16377830327231,0.091823841487829,5.06626527968007e-38,9.61630479191484e-36
ENSG00000071282,3659.86212780504,1.58664996621166,0.126213900754889,1.06873714378625e-37,2.00744460174518e-35
ENSG00000101825,4767.10469108964,-1.30914803011216,0.104342554688177,2.43738738709879e-37,4.53102776950158e-35
ENSG00000246430,2162.53381587847,2.0263811855484,0.164236335438389,8.3651233965083e-37,1.52363540490745e-34
ENSG00000163513,13216.63240217,1.44462860305213,0.116229541769768,1.01563059490534e-36,1.83138508873331e-34
ENSG00000163431,4934.7292907592,1.14926598651423,0.0926825642836271,1.69186895775246e-36,3.02057238081112e-34
ENSG00000046653,1090.45643883243,2.36594570860876,0.19334511374485,2.43440259191848e-36,4.30364191543863e-34
ENSG00000099998,506.243741997388,2.34808486655494,0.192305131925881,3.67817630889245e-36,6.43930827203385e-34
ENSG00000106617,1018.35402511812,1.59746186388024,0.129883831697471,3.89248862558713e-36,6.74897643236415e-34
ENSG00000137809,1115.79483186228,-1.69496515809883,0.138675010942268,5.34083000701178e-36,9.17198539870823e-34
ENSG00000115457,1919.14220160302,2.18476284900838,0.183867824172248,1.30346687667632e-34,2.217369313229e-32
ENSG00000160200,834.069633966776,1.22703723617209,0.102856924691764,5.90483316453691e-34,9.95102351616164e-32
ENSG00000214814,243.273277090711,-3.01812354243701,0.255091274520324,6.73365258398059e-34,1.12427058698461e-31
ENSG00000162772,373.512381807902,1.89415889821594,0.160040753018598,1.16721911539827e-33,1.93094450356528e-31
ENSG00000128923,1415.67710071441,1.02611092530994,0.0863446800855652,1.42236841432742e-33,2.3316497497411e-31
ENSG00000174306,3234.84552730351,1.1167439157843,0.0941859540032467,1.48050637446738e-33,2.40508927426989e-31
ENSG00000119508,216.674369404588,2.05028310419169,0.173493730250715,1.62630813805349e-33,2.61835610226612e-31
ENSG00000123562,5040.48334406563,1.01647974957808,0.0858047697352129,2.25195034356361e-33,3.59355474293266e-31
ENSG00000145777,152.370841552781,-2.74409001436875,0.233968082056498,3.80924131600488e-33,5.97289038349565e-31
ENSG00000173918,992.657155958414,1.23811718124974,0.105162622326553,4.27942888237559e-33,6.65229841439627e-31
ENSG00000164125,5596.3514152391,1.11091924956847,0.0944725042415535,4.97125947390817e-33,7.66168810542838e-31
ENSG00000114098,1010.29282888401,1.32930174996362,0.113425212557259,6.56245421477518e-33,1.00283198644768e-30
ENSG00000109861,4057.99873271313,1.00592276355843,0.0858241837407221,9.44673741143701e-33,1.43145856305069e-30
ENSG00000077684,1570.63392682279,1.18503502034846,0.101711672935214,1.69789510278358e-32,2.55137037444946e-30
ENSG00000114270,1546.90777793248,1.21774799371506,0.104737122141107,2.14616269174707e-32,3.19831451715564e-30
ENSG00000103485,865.199817057682,-1.19639744516011,0.103105154283494,3.14909388314264e-32,4.6166228374657e-30
ENSG00000138829,15701.2188784373,1.88914500099239,0.166719075994501,9.40891435819674e-32,1.36499655323781e-29
ENSG00000164442,7510.49639231427,1.52847441158705,0.133660542210559,9.46232082712544e-32,1.36499655323781e-29
ENSG00000110756,995.252222053197,1.55311117694499,0.13590131627349,1.15106277273058e-31,1.64729872364109e-29
ENSG00000155130,5654.02187573995,-1.17243923436975,0.102448567607295,1.20053164225385e-31,1.70456587189932e-29
ENSG00000144369,1303.26322729511,-1.32907111033711,0.116400650884771,1.98484220397141e-31,2.79614645484473e-29
ENSG00000143320,1492.11031525408,-1.61259209337559,0.142120210308683,2.38568961185945e-31,3.33478721558524e-29
ENSG00000181467,630.869571252005,-1.25615963805238,0.110608625855503,5.99560221993954e-31,8.31636147922691e-29
ENSG00000196507,988.841982921031,1.04299996424412,0.0925451216815265,2.23450409873155e-30,3.07576930597918e-28
ENSG00000008256,3716.56541790484,1.16535059085078,0.104408539014796,3.52255303062376e-30,4.81202092789451e-28
ENSG00000116584,2250.58089102087,-1.00166007618127,0.0900715974892399,8.81158170710092e-30,1.19466497249958e-27
ENSG00000140545,9199.60485668938,1.09489842233246,0.09941250432189,2.23081102645659e-29,3.00193913649741e-27
ENSG00000154864,153.233975152144,-2.52812578091552,0.231704578795105,3.80518987957192e-29,5.08260621544007e-27
ENSG00000177283,115.085150181609,2.44974397813443,0.225064901252117,6.47727250503867e-29,8.58810130962186e-27
ENSG00000146592,669.394803070239,-2.01257209197389,0.18760058475087,1.13151319251175e-28,1.48930261951619e-26
ENSG00000072958,2129.43309251556,1.070433062815,0.0986260730090289,1.65990015010381e-28,2.16893619613565e-26
ENSG00000133216,344.05324780186,-1.74411931005049,0.162063392743571,2.5835793776014e-28,3.3515901681229e-26
ENSG00000205978,1601.03584426828,-1.13924470730773,0.105866739058149,3.81622538230106e-28,4.91529829240376e-26
ENSG00000243244,996.172029975073,1.38833230269843,0.129634299111838,4.42790570533879e-28,5.66269472898362e-26
ENSG00000136546,4991.23707113776,1.34527532499231,0.126117433118875,5.65973728877175e-28,7.18706921064312e-26
ENSG00000096060,2564.38437504937,3.96984644921646,0.382815916547698,7.14198282961505e-28,9.00589051633697e-26
ENSG00000163491,160.223339782888,-2.45525854141467,0.231615822801867,1.06246409063435e-27,1.33044114460545e-25
ENSG00000092621,1231.09188657928,-1.40405983447314,0.132210501311101,1.14904912254965e-27,1.42894163984932e-25
ENSG00000187498,2283.82730989972,1.2954078812514,0.122084696171147,1.47542228868449e-27,1.82224758284649e-25
ENSG00000233117,77.6315991325697,3.33168401425172,0.315479358204597,2.4434294024521e-27,2.97702155304164e-25
ENSG00000127083,304.475082330564,1.78229278667189,0.169720640314305,3.71609296750661e-27,4.46723922600528e-25
ENSG00000165507,18353.5589923275,1.527660353734,0.146106305780369,4.14655444009589e-27,4.9516999777357e-25
ENSG00000183160,2987.64727922828,-1.15542039934606,0.109754507598759,4.55106197127863e-27,5.39899667540107e-25
ENSG00000177666,1701.23183704411,1.08385908382232,0.103444220926463,9.44176567392394e-27,1.11277071001436e-24
ENSG00000069431,849.097214895302,1.04132301710192,0.0993511028142795,1.02690045209661e-26,1.20240707481858e-24
ENSG00000102466,664.680645198945,1.19833424227354,0.114654689319799,1.09998159812474e-26,1.27966891467002e-24
ENSG00000131386,11496.512180422,1.58647751964575,0.154069926703978,1.57021220714513e-26,1.81500426405391e-24
ENSG00000180914,568.7095119069,1.8435276425918,0.17800486673073,1.63699478743401e-26,1.88014586031912e-24
ENSG00000162496,3692.00032052386,1.0709330217078,0.102895910217101,1.91334720421422e-26,2.18363777129056e-24
ENSG00000177674,751.373019489767,1.09747770469627,0.10546083126156,1.98024680897624e-26,2.24577424273331e-24
ENSG00000099204,848.584854270064,1.40371323632646,0.136249355504505,3.45301450697544e-26,3.89154734936133e-24
ENSG00000126878,93.2590639059887,-2.62079190861687,0.254479849292293,4.35229169757754e-26,4.87456670128685e-24
ENSG00000127954,286.388753317735,5.11285568632131,0.50827995117465,4.54993962223434e-26,5.06447600420553e-24
ENSG00000148120,743.999682318538,1.08702314295804,0.105629404441653,7.10033817814963e-26,7.85480356002417e-24
ENSG00000169738,627.449398995589,2.06012915409848,0.203842286793866,7.30665024133818e-26,8.03375104584208e-24
ENSG00000112773,516.79715620943,-1.17857778562541,0.114716690963981,7.38962386895883e-26,8.07573924879185e-24
ENSG00000125848,178.652501999173,-2.43569700667092,0.242004320822669,1.27867467600512e-25,1.38066238070205e-23
ENSG00000035664,633.039689235768,1.65525271517059,0.163490559030356,1.47802921927738e-25,1.58641802869105e-23
ENSG00000110900,262.804092122617,-1.44220279350015,0.141530733739437,1.92628177382525e-25,2.05530845832053e-23
ENSG00000023909,1927.70386518774,1.20244508142469,0.118486382118126,2.260894433792e-25,2.3981440253022e-23
ENSG00000164742,353.798497568979,-2.54040005714596,0.255754540298755,2.52447442550435e-25,2.6620656631985e-23
ENSG00000138073,1697.49904128374,1.08374083466706,0.107111109716599,3.79227000673607e-25,3.95272906135635e-23
ENSG00000163697,2266.27531330114,1.05934709222003,0.105230021833145,4.48555830306676e-25,4.64848202993677e-23
ENSG00000120837,1841.38725402181,1.01767309317642,0.101144404840442,6.60402463403453e-25,6.76612342050629e-23
ENSG00000102554,149.552166590204,2.4361479850387,0.244664348744337,7.683824845348e-25,7.78397357366939e-23
ENSG00000172061,231.27386893187,-2.50552216255056,0.253983788481109,8.54196268394092e-25,8.59939811059096e-23
ENSG00000183044,498.690254503353,1.13793554017532,0.113269166538963,8.58413742184102e-25,8.59939811059096e-23
ENSG00000164292,14399.5190131877,1.02029824740644,0.102808158559106,8.69584338145387e-25,8.66317391460641e-23
ENSG00000152580,5992.44572049488,-1.13525879887761,0.11396036430395,1.40374593639669e-24,1.38318834563416e-22
ENSG00000013297,3431.54455302823,-1.73910748492947,0.176963537099077,1.48067619643561e-24,1.4510626725069e-22
ENSG00000099194,785.207076440808,-1.95401674590456,0.199324788980091,1.57350456223336e-24,1.53369914952389e-22
ENSG00000164070,591.680867512758,-1.29841055065699,0.130735598410905,1.79608493277646e-24,1.74123674773254e-22
ENSG00000237697,126.795186309546,1.98672633910136,0.200330830355769,2.19211749933727e-24,2.10256716744945e-22
ENSG00000008311,721.941418739337,1.07882444362267,0.108733956687986,3.40880310036446e-24,3.25225066168106e-22
ENSG00000126950,786.108308420399,-1.67624902283088,0.171584734659465,4.85071953294442e-24,4.6035881377923e-22
ENSG00000177614,133.149204675085,-2.51857667568141,0.259351239916572,6.25596810865961e-24,5.87539671538282e-22
ENSG00000088756,685.720868955206,-1.61595572727362,0.166036395335296,6.89007179380863e-24,6.43739764694079e-22
ENSG00000170624,2121.06225268788,-1.11594807586069,0.113947593798614,8.0173464800047e-24,7.45199957357962e-22
ENSG00000128510,164.043523498014,-2.21671134440165,0.227844417281331,9.47482230777914e-24,8.71683652315681e-22
ENSG00000081052,207.134577208693,1.87632874582859,0.193146821591176,1.27233155224091e-23,1.16460317512732e-21
ENSG00000164484,816.787638614199,-1.18399732263696,0.121629818591116,1.45757924891665e-23,1.3274277281043e-21
ENSG00000118689,5165.47547997407,1.23706566905212,0.127588215781868,1.71983654020102e-23,1.55060462464524e-21
ENSG00000127824,228.716782957365,-1.53214540916037,0.157895621407745,1.85958205297414e-23,1.66825788951392e-21
ENSG00000181061,2420.90800173908,1.1773443839977,0.12181523703255,2.31696699621205e-23,2.06829449879682e-21
ENSG00000198431,22734.5766088759,1.47325881404518,0.153283083488852,2.60308095857851e-23,2.31225398251664e-21
ENSG00000132970,1322.81486937849,1.08885074508467,0.112570862482555,3.28846375628355e-23,2.87852322588859e-21
ENSG00000134253,136.92021385672,-1.91927737095544,0.199114675544332,3.26427116534192e-23,2.87852322588859e-21
ENSG00000167992,251.542182012273,-1.49234500220071,0.15497573858479,3.27604446655439e-23,2.87852322588859e-21
ENSG00000179820,3784.34277701728,1.46492823571628,0.153819188550701,4.58396075055234e-23,3.95492728487846e-21
ENSG00000136436,3129.15942131644,1.11568516400882,0.116092924928255,5.33253945579149e-23,4.57887387937296e-21
ENSG00000143891,528.386962569768,-1.09599252325365,0.113896264596343,5.52456775070067e-23,4.72127989007747e-21
ENSG00000106123,2287.85993737051,1.38402395625735,0.144798058451655,6.35414877732862e-23,5.4046231487165e-21
ENSG00000003402,2546.60932638954,1.16824649339742,0.122278636076028,7.79593494623259e-23,6.59982624180592e-21
ENSG00000137962,4500.57984403092,1.13092859380131,0.119009920552656,1.00235502282546e-22,8.44601204279842e-21
ENSG00000167552,9310.09165043078,-1.19174314281908,0.125311603252918,1.00819083288806e-22,8.45567306913376e-21
ENSG00000165272,138.5709006117,-2.85783976999009,0.304710456934363,1.16973723394876e-22,9.72013907952261e-21
ENSG00000145244,167.013755528854,1.88887527940936,0.19944612502401,1.42712492757089e-22,1.18045489421827e-20
ENSG00000145675,3495.18760109883,1.51364547364439,0.160796989882843,1.45164687877841e-22,1.19525554877316e-20
ENSG00000140807,96.2204474752052,2.37807970242945,0.252264651611071,2.28997048808808e-22,1.86845012856128e-20
ENSG00000198542,3506.91316531671,1.01035478205499,0.107098374366292,3.44119080005826e-22,2.78258082989464e-20
ENSG00000128342,153.120046201745,-2.54988082502717,0.277512875787943,4.69813092765705e-22,3.78199539676393e-20
ENSG00000103175,250.457907082079,1.71931583250646,0.184831248267714,5.69440036556432e-22,4.56361899519359e-20
ENSG00000116991,119.853749823762,-2.52693484916521,0.272590385899675,7.09928909844432e-22,5.6394000450726e-20
ENSG00000111859,1772.54117030296,1.588379942073,0.172952634167651,1.04394606517767e-21,8.22027748789687e-20
ENSG00000100784,87.3227602014942,-2.45304009961047,0.26516383134779,1.06560386812095e-21,8.35433432606825e-20
ENSG00000169218,643.19435301813,1.37511259759386,0.148624610898826,1.14214249512699e-21,8.91563353771855e-20
ENSG00000173838,47.3529312582661,3.8175728882201,0.41065275190161,1.25040101644914e-21,9.71863410715986e-20
ENSG00000185813,468.253700030145,1.09431784730857,0.118036846328447,1.54738090371541e-21,1.19752671484104e-19
ENSG00000140105,2493.9626123254,-1.27656879804881,0.138824024446418,1.60528247807728e-21,1.23702793353374e-19
ENSG00000084090,3609.49027468893,1.22603570196911,0.133251859362724,2.1331879846652e-21,1.6230230269824e-19
ENSG00000185022,648.338500370493,1.24172017429224,0.134901738151036,2.15320926214755e-21,1.63137266449768e-19
ENSG00000175130,620.187452036512,-1.10204781687541,0.119237052821309,2.20881297388062e-21,1.66649855836884e-19
ENSG00000182552,978.405343529915,1.09223642651912,0.118922610906033,3.33166023699642e-21,2.50318739139665e-19
ENSG00000128311,316.408984330112,1.26946314696186,0.138544178190469,3.60911914215797e-21,2.70039984943537e-19
ENSG00000131771,95.4180950879008,-2.93146074127668,0.321480696224489,4.07185486380158e-21,3.03403664892852e-19
ENSG00000157514,2205.71884823744,3.11758792969375,0.350033408784555,4.75103770182119e-21,3.51109474750982e-19
ENSG00000124151,1569.9043302201,1.32835945663656,0.146313319214771,5.36905761220781e-21,3.93556288062322e-19
ENSG00000100033,55.3639200859253,4.77881088896627,0.524039664513366,5.60326685885284e-21,4.09061165987184e-19
ENSG00000083223,1486.90383194881,1.08609358862561,0.119107112131728,5.63194727496394e-21,4.09497069605443e-19
ENSG00000250978,56.3185566347047,6.18516048872608,0.66321564487587,8.33219809780549e-21,6.03398377910155e-19
ENSG00000107796,2427.81163733981,1.116778660837,0.123830870489108,1.03508906348445e-20,7.46589039710065e-19
ENSG00000108604,2178.07637654574,1.21897459312389,0.135206786529731,1.14227753294591e-20,8.1736303468574e-19
ENSG00000117461,215.509146709287,-1.66349651585545,0.184673134637461,1.15438399949003e-20,8.22760959636528e-19
ENSG00000176771,107.651022394312,-2.16981999972724,0.242033145492684,1.37870038827841e-20,9.78768716591981e-19
ENSG00000116711,111.968421891278,-2.39404204810468,0.267421080883923,1.47846183185371e-20,1.04547544125436e-18
ENSG00000172260,1335.0168908566,1.4188313669391,0.159108965315328,1.95612529538654e-20,1.37784575493789e-18
ENSG00000196950,808.739883006461,-1.19919845688843,0.134262980964201,2.39645041602302e-20,1.68143166932791e-18
ENSG00000171132,401.591844664341,-1.17578213774596,0.131152102356402,2.46743883856914e-20,1.7245293463984e-18
ENSG00000166825,4198.98318522714,1.04176874749669,0.116642233041371,3.27638651752013e-20,2.26359393424992e-18
ENSG00000185745,237.71394326956,-1.62608011033815,0.183093591239289,3.36588734819777e-20,2.3165526970497e-18
ENSG00000169744,616.840955382529,-1.30621754791923,0.147061106773414,3.55057455907346e-20,2.43437111974192e-18
ENSG00000170775,213.790766497617,1.45813395685079,0.163837189002213,3.76306680034368e-20,2.57028865696202e-18
ENSG00000184254,560.682296319544,-1.00690234490147,0.112610008622995,3.81389559755684e-20,2.5951760534017e-18
ENSG00000159212,757.351666879608,1.0214830360982,0.114723620660293,4.68554036572099e-20,3.17630315318349e-18
ENSG00000108830,158.261075547043,-2.30618760735545,0.26490014199518,5.24117118625122e-20,3.5264477175553e-18
ENSG00000174697,115.96591423188,2.95607516484894,0.340058685217888,5.63181046051087e-20,3.76121504533082e-18
ENSG00000162878,1588.44163127645,1.52319264358225,0.17398999635586,6.33671547302424e-20,4.21637097452299e-18
ENSG00000137393,158.28377408095,2.0732531017643,0.237874997865904,8.03737071266746e-20,5.30878639893113e-18
ENSG00000116962,9435.94331671769,1.4476254324491,0.16644536855169,1.09329494612314e-19,7.19499798120164e-18
ENSG00000152779,45.6803014022667,4.02169706865881,0.458068130095522,1.25019719305443e-19,8.19765664914818e-18
ENSG00000115419,3865.24060485268,1.16545650733706,0.133537441812997,1.33443723462312e-19,8.7183232662044e-18
ENSG00000138074,435.943594470857,1.18028031803555,0.134775181676144,1.46885209156704e-19,9.5618559260422e-18
ENSG00000197769,134.644122117327,2.39082977051059,0.276978721752999,1.75998379402459e-19,1.12539105581033e-17
ENSG00000179593,67.2428116114968,10.9962909119799,2.94569358890867,1.85248950790324e-19,1.1803565656011e-17
ENSG00000074590,412.639827468157,1.3278653586711,0.153010223903403,2.08424243339917e-19,1.31914438481364e-17
ENSG00000168556,382.017664708123,1.24916287962068,0.143546718012166,2.29663607800081e-19,1.44800495659128e-17
ENSG00000137767,879.785486345189,1.0092655268488,0.116193488780662,2.73762030953132e-19,1.714054493801e-17
ENSG00000103064,780.765443622071,1.36832527410429,0.159988594721886,5.45509212936928e-19,3.35720891729648e-17
ENSG00000075213,714.292422694761,-1.18034477636938,0.137287231794822,5.64764085719652e-19,3.45214440464297e-17
ENSG00000143507,318.946955566927,-1.15865770458152,0.134337822933495,5.62992177382774e-19,3.45214440464297e-17
ENSG00000170989,241.926412638281,-1.44946107290779,0.169521070423929,7.14131669925138e-19,4.33576507477781e-17
ENSG00000183876,193.710165838978,-1.6448829341469,0.192896932623252,7.42397733605478e-19,4.47722940882073e-17
ENSG00000126785,672.616210072833,-1.18680666917466,0.138947580683662,8.4075440415538e-19,5.05349447190994e-17
ENSG00000135069,724.584165165788,-1.26664952831746,0.148606037201565,8.49935358408373e-19,5.09170577502318e-17
ENSG00000070882,1106.4991291192,-1.07745978959432,0.126089287595444,9.35744956510525e-19,5.55044508414401e-17
ENSG00000107968,536.65948634498,1.10830879929814,0.129468622701313,9.54459925859699e-19,5.6073706138664e-17
ENSG00000116194,237.044539587412,1.89324818619111,0.224646982502135,1.09395995581261e-18,6.38391130201069e-17
ENSG00000111728,193.412946626173,-1.49015528227679,0.175256351234619,1.15222850761114e-18,6.68070239525532e-17
ENSG00000158246,70.3028660136772,2.29235964742637,0.270604239112968,1.24813171791659e-18,7.19051474040637e-17
ENSG00000183496,171.525899913249,-1.67214612849651,0.19743952278673,1.24656924164246e-18,7.19051474040637e-17
ENSG00000120162,60.670427635757,2.64105462353,0.313063035771322,1.93614167620645e-18,1.10833354620174e-16
ENSG00000182580,426.1229140081,-1.48204537361041,0.17672551499177,1.99675268366682e-18,1.1394127972114e-16
ENSG00000268913,72.857073302781,2.46170089959758,0.292755059313889,2.22386628304778e-18,1.25707701617296e-16
ENSG00000196230,7908.08670681921,-1.15353834832488,0.138182660550265,3.07676141950319e-18,1.72298639492179e-16
ENSG00000174437,10584.2528711225,1.30713124724471,0.156870168629227,3.22918691154326e-18,1.80274608015319e-16
ENSG00000147576,242.963444803174,1.40805185622724,0.168482781894356,4.09694135893159e-18,2.27310912566937e-16
ENSG00000081803,1171.26821559232,1.29314429574685,0.155261075321285,4.18808601259888e-18,2.31655113433077e-16
ENSG00000108950,1011.56493667117,1.06516510013068,0.127310336390715,4.39618099469842e-18,2.42421821701535e-16
ENSG00000009413,7584.97488843759,1.06991540173387,0.12821544662003,4.89572185992146e-18,2.67514110842739e-16
ENSG00000161647,166.341417002357,1.52756787956832,0.183440411886584,5.07206482130697e-18,2.7631260682117e-16
ENSG00000135821,19611.251384513,2.84356195351757,0.350673145211239,5.53562006681677e-18,3.00638393313124e-16
ENSG00000197301,209.371085229787,2.21404388104731,0.271964142771468,5.55194016045199e-18,3.00638393313124e-16
ENSG00000164619,553.26611920588,-1.49285055814521,0.181085868567603,6.06373812896796e-18,3.25420612921281e-16
ENSG00000147119,453.233381160408,1.49265605238595,0.181510362893085,7.41837471172111e-18,3.95763706514068e-16
ENSG00000133110,4035.43562102707,-1.38257579666276,0.168729394002752,8.10348264085377e-18,4.29770585234927e-16
ENSG00000147883,517.027129854306,-1.39472823615661,0.168654045155779,8.19555338804515e-18,4.33378940449355e-16
ENSG00000087448,907.657961796665,1.03571187150635,0.125049119715907,1.00964927393989e-17,5.29244061269887e-16
ENSG00000146373,818.986308472715,1.05676415503557,0.127726783664829,1.10524410127121e-17,5.76004671506432e-16
ENSG00000143127,265.813276525119,3.7069376311668,0.465846843402582,1.16154281282397e-17,6.03600576393137e-16
ENSG00000168621,218.3476228313,1.75421095157729,0.215397536988796,1.28428636916185e-17,6.65467005997886e-16
ENSG00000188176,56.145889280883,-3.15622429105591,0.387531492884841,1.39537742185309e-17,7.20958328677791e-16
ENSG00000101342,42.90137769414,3.97399350309809,0.484861224856351,1.40037734935279e-17,7.21474410386559e-16
ENSG00000157152,49.9491137825046,3.3650029188057,0.415310696193814,1.9034194197307e-17,9.7230761973326e-16
ENSG00000126861,309.304215909479,-1.67372241172928,0.206854474899887,1.9644861299942e-17,1.0006670592106e-15
ENSG00000099860,368.158192610506,1.43248268732892,0.176332309809425,2.01495421286943e-17,1.02348322159046e-15
ENSG00000183508,90.0350688619864,-2.47332297253393,0.308906219426739,2.44331964277564e-17,1.2375825786104e-15
ENSG00000169855,1727.80413612155,-1.08132448336288,0.133009964774123,2.69080150614108e-17,1.35911856467047e-15
ENSG00000272841,114.903197148601,-1.96403022549144,0.241639968576086,2.91573171360531e-17,1.46861659943382e-15
ENSG00000149633,241.894453674371,-1.42757642956981,0.178519739440124,7.09375162881412e-17,3.48540951963968e-15
ENSG00000149591,7792.45509748719,1.23316478410868,0.154990056567327,7.77423142322468e-17,3.79904989223814e-15
ENSG00000135472,155.837656595499,-1.64772559044135,0.207243291092965,9.5667840427416e-17,4.62488605519348e-15
ENSG00000170214,201.577369495195,3.9335819939767,0.517014272665046,1.01525593561044e-16,4.89494519543512e-15
ENSG00000067082,3242.40128751998,1.06298587310112,0.133204559904052,1.05769221603989e-16,5.08594827723502e-15
ENSG00000143344,1077.617717594,-1.04739626022809,0.131233444971021,1.10352436592617e-16,5.27818338630786e-15
ENSG00000155962,402.930033304417,-1.22176546299554,0.153437801455418,1.14433200611444e-16,5.4588874958348e-15
ENSG00000130066,4098.11999428398,1.28155546501252,0.162469021782877,1.26929690002616e-16,6.00733902920519e-15
ENSG00000113361,2195.02476022713,-1.18812126019854,0.150257675206907,1.34753400858921e-16,6.36092493269125e-15
ENSG00000157510,488.000363039248,1.67084392746203,0.214480819653241,1.53739439556026e-16,7.23819732134272e-15
ENSG00000025423,169.201816463876,-1.93362563248236,0.247419103908364,1.67696841598425e-16,7.8543102537735e-15
ENSG00000049246,196.028265600041,-2.14080141648624,0.276820141843054,1.67339875257072e-16,7.8543102537735e-15
ENSG00000106034,2427.53637241083,1.02469763705843,0.130297798078849,2.177500707344e-16,1.01197661739245e-14
ENSG00000138166,402.172671708438,1.19984247398548,0.152507036184274,2.61613301652853e-16,1.20035904717665e-14
ENSG00000171793,688.140766747762,1.4405193204564,0.185803770490537,2.8597955942938e-16,1.30551478876724e-14
ENSG00000151012,782.334428853924,-1.11161465337995,0.141488151283609,2.94066594537971e-16,1.3390426345224e-14
ENSG00000153904,3072.52278381816,1.21162010710662,0.155848046039541,3.65586923803162e-16,1.66051975063441e-14
ENSG00000183801,1368.9098783058,-1.00831329728284,0.129202760507352,5.08330015853605e-16,2.29729494884015e-14
ENSG00000103647,544.421110534088,-1.2907567286163,0.167256212613592,5.95974857897891e-16,2.67995477247251e-14
ENSG00000141150,151.082027400383,1.51661177245226,0.195810780539621,6.02532770435714e-16,2.70270420808378e-14
ENSG00000205208,588.217370799329,-1.31840188987967,0.171775844662654,8.31173512923989e-16,3.70067179877663e-14
ENSG00000196155,242.43974025819,-1.36610707223759,0.178209992224764,9.45838002317957e-16,4.18023305338172e-14
ENSG00000128165,58.7517465380704,-2.53612041566402,0.332373240817556,1.12323665980374e-15,4.95212798278263e-14
ENSG00000129682,265.486458590837,-1.50666327226031,0.19765454863683,1.15460137537826e-15,5.0779931709319e-14
ENSG00000146006,46.8070121087814,-4.06757706407453,0.545531105301522,1.27927253028705e-15,5.59899084129515e-14
ENSG00000138615,840.378261707032,1.30895238526522,0.172138485429897,1.32094362180788e-15,5.76737418606287e-14
ENSG00000133816,1756.1598749898,1.02883424042212,0.134298386981928,1.36314327920549e-15,5.93724628276167e-14
ENSG00000083290,1522.66160217916,1.10785251943061,0.144978023580071,1.51654473806451e-15,6.57363815307192e-14
ENSG00000104321,548.690860164473,-1.3043485912763,0.171649221554609,1.84140762202418e-15,7.92464492609549e-14
ENSG00000118523,11813.269256193,1.17370031293164,0.155162192295276,2.00337084770414e-15,8.60113883947644e-14
ENSG00000154310,763.352669622408,-1.110186102858,0.146128555784934,2.10364339773049e-15,8.9888383288806e-14
ENSG00000245812,181.253072875573,1.61228014683251,0.214062912369199,2.13973903195653e-15,9.12145962747995e-14
ENSG00000143878,3314.35420803884,1.17918754157145,0.155913029884748,2.161372239794e-15,9.19194911036919e-14
ENSG00000171033,245.152985156536,-1.27555876098815,0.167761971933968,2.22174116383219e-15,9.42435397359482e-14
ENSG00000187193,37.3833061453583,3.05450950173377,0.403140846270184,2.22647226749744e-15,9.42435397359482e-14
ENSG00000164330,884.925838449291,1.07802223759331,0.142218232967716,2.34365234025624e-15,9.87400443913563e-14
ENSG00000138669,239.218768914062,-1.64923535806364,0.220370652356971,2.57804957608849e-15,1.08110209200064e-13
ENSG00000155324,535.889217841704,1.19338332521008,0.158494978772074,2.98728594933692e-15,1.2469152832973e-13
ENSG00000177570,102.120903759786,-1.95759776067313,0.262402423300573,3.32413150954686e-15,1.37794803172756e-13
ENSG00000134294,20597.3425646094,1.16996400587658,0.156447585046441,3.77349932833155e-15,1.56063623597419e-13
ENSG00000206190,290.889506611127,1.27415893094681,0.170279267764487,4.39495524860236e-15,1.80935691878534e-13
ENSG00000101265,1645.90074950021,-1.01848956827351,0.136449020854571,5.87620315957117e-15,2.40306330534767e-13
ENSG00000178723,34.4928481345877,3.41790300186071,0.457208267644338,5.8770569967742e-15,2.40306330534767e-13
ENSG00000176971,2618.72488012087,1.19850697887104,0.161440377793563,5.96166463518268e-15,2.43214336428991e-13
ENSG00000079691,1509.44660948859,1.11330169735658,0.149638881657415,6.32633135846886e-15,2.56928844720519e-13
ENSG00000132622,65.5487249388816,-2.20326768517711,0.297093620111771,6.6069596692103e-15,2.6772291405663e-13
ENSG00000114670,184.341568921453,-1.21883125321009,0.163446301315147,6.70115181827757e-15,2.70930873513859e-13
ENSG00000168994,1328.00667365707,1.30994000637549,0.178404757481754,7.75168122098688e-15,3.12005169144722e-13
ENSG00000162426,168.596870709815,1.25102276303099,0.168626134892917,9.01919938211918e-15,3.61409340574162e-13
ENSG00000072163,665.150392659381,1.31684100539732,0.179418956692633,9.16239200013525e-15,3.66333154204964e-13
ENSG00000189058,471.87512288701,1.02825144365574,0.138319696162579,9.59495505556223e-15,3.81934281593594e-13
ENSG00000128606,1137.03091630192,-2.32462734015513,0.322250949782041,9.93355050162726e-15,3.94541371465513e-13
ENSG00000213639,3975.42751178919,1.00288632444049,0.135942148620204,1.24222791926599e-14,4.90149974621539e-13
ENSG00000196932,68.8282280672939,-2.01550007231895,0.274819157873572,1.32051258608827e-14,5.18768691772193e-13
ENSG00000183570,195.732850754313,1.61629630142357,0.221351720350022,1.44438721169167e-14,5.62531105857975e-13
ENSG00000089041,96.7559629333342,-1.91911615984673,0.264377428538571,1.59795850220558e-14,6.20999735167477e-13
ENSG00000125398,566.471452733473,-1.2802616601767,0.176099888943528,1.67865987336879e-14,6.50959028743786e-13
ENSG00000150938,10974.7493811332,1.01932943709688,0.139294441196673,1.83578198526428e-14,7.07325229877897e-13
ENSG00000164104,1065.1796658589,1.20252119072052,0.16534611170055,1.84278765460487e-14,7.08510596755546e-13
ENSG00000016391,92.1101048399364,-1.93891957902466,0.267436813820815,1.94544456975855e-14,7.41654471075817e-13
ENSG00000122966,288.892501525737,-1.49751925002161,0.2071570469092,1.97965020523891e-14,7.53102373436032e-13
ENSG00000158716,158.97923512716,1.27809317107422,0.175023664418825,2.05450022366224e-14,7.78293025904989e-13
ENSG00000085117,1911.07882271632,1.18041789839271,0.162796927541686,2.08207708126078e-14,7.87086245897155e-13
ENSG00000107104,1276.70745444015,1.1296342847757,0.155892155312479,2.46669757351037e-14,9.30533277103325e-13
ENSG00000068831,97.80859654551,1.95025980514087,0.271844108050152,2.48459697485844e-14,9.35328865357985e-13
ENSG00000214944,628.402490795737,1.03691865649542,0.142576869705243,2.82237210180356e-14,1.05587165435107e-12
ENSG00000205213,387.915257638184,-1.05821458024989,0.145653534771739,3.1250640025248e-14,1.16669056094259e-12
ENSG00000077063,329.881095802951,-1.01648175515874,0.140501534064047,4.18572455479185e-14,1.54665953221325e-12
ENSG00000172465,395.279554854593,1.001946261895,0.138261214791507,4.29158884711601e-14,1.58253435769317e-12
ENSG00000112936,1960.70710878239,3.08059612952957,0.449534709861301,5.15135327177049e-14,1.89183711194634e-12
ENSG00000196616,46331.4608875205,1.11718442596607,0.158475483427636,9.69025880908441e-14,3.48077184951016e-12
ENSG00000167645,624.068561705624,1.09139843804324,0.154734154876287,1.1456192861305e-13,4.09065484505052e-12
ENSG00000007237,427.004099591087,-1.35580419936125,0.194544723536024,1.37636533028999e-13,4.87595670644187e-12
ENSG00000169271,82.8298565783953,2.17016636906785,0.312903018353346,1.38961493708997e-13,4.91324245992282e-12
ENSG00000273179,167.919312364673,-1.46841787382346,0.2102486273087,1.4894513700537e-13,5.24566154390787e-12
ENSG00000168398,5604.03360684726,-2.02666506612963,0.295378575655109,1.60118654819985e-13,5.61723654419059e-12
ENSG00000075240,576.834673930795,-1.13146559902735,0.161973306053755,1.76904134329995e-13,6.17008771806281e-12
ENSG00000164105,538.511069195385,1.18723170439949,0.170542327548396,1.97347930600745e-13,6.86984147604755e-12
ENSG00000253276,738.222089385991,1.1092708601017,0.159159888783284,2.09691563896667e-13,7.28546874794741e-12
ENSG00000105889,230.619819110673,1.0052126023743,0.143240698934385,2.26928960071998e-13,7.86919809234283e-12
ENSG00000136237,98.5190517139084,2.5469665230859,0.377582845935272,2.27814707629975e-13,7.88475011129309e-12
ENSG00000119711,562.981123676436,1.16325191841807,0.167565910769699,2.29167923045257e-13,7.91639078228368e-12
ENSG00000136960,464.30548785195,-1.03918902122401,0.149263614925657,2.70285778462062e-13,9.26576645860817e-12
ENSG00000166592,105.621519715087,-1.44226776077217,0.208492507089408,3.17811573521841e-13,1.0853746768458e-11
ENSG00000241399,676.962148494614,1.51526996686249,0.223727845531892,3.29152328790096e-13,1.12198011204972e-11
ENSG00000205364,52.271046309327,2.42045932190624,0.355858863232038,3.67549766498135e-13,1.23881446532605e-11
ENSG00000187758,692.710650921731,1.11898877085062,0.162447481582849,3.78828910771253e-13,1.27444830578866e-11
ENSG00000170485,287.525215625149,1.10813898450783,0.160740216787157,4.11837970106942e-13,1.38034614813539e-11
ENSG00000165030,1429.95119544851,1.08003173769698,0.157920623019903,4.7304520188564e-13,1.57089338497272e-11
ENSG00000105516,84.5743051728046,-1.59033098715934,0.232091112628885,4.87018974063233e-13,1.61432465814489e-11
ENSG00000137266,141.425064719241,-1.32063291936424,0.193019828621585,5.51824470606747e-13,1.80589815861722e-11
ENSG00000141298,2049.47820443989,1.18937161459072,0.175892663880662,6.35577450606453e-13,2.06499686294334e-11
ENSG00000103710,1054.92511217113,-1.03730806722674,0.152370604625887,6.53125913801215e-13,2.11819540965171e-11
ENSG00000175471,158.252276746404,1.73872694152555,0.258967998248147,6.62931529554541e-13,2.14613668598339e-11
ENSG00000213160,203.848539203316,1.47794649838388,0.219655184479974,7.68706715431184e-13,2.47082343897595e-11
ENSG00000182010,118.3057488985,-1.80827442807842,0.271023377369811,8.46239807853269e-13,2.71037232952223e-11
ENSG00000012048,221.109604822104,-1.16640544873292,0.172163055774567,8.75629409289239e-13,2.79457513421302e-11
ENSG00000178031,1487.71073731745,-1.09879341653907,0.162884327154373,8.84121233773593e-13,2.81669153487729e-11
ENSG00000049759,1212.97707090486,-1.08060106412685,0.160182290127613,8.9975725657176e-13,2.85641247367992e-11
ENSG00000097096,201.584117610054,1.25236844623006,0.187173889463924,1.16030033942135e-12,3.63238467368849e-11
ENSG00000168646,316.537654268164,1.10001798759078,0.163098980762855,1.17332776979147e-12,3.66680179287345e-11
ENSG00000185338,222.261620507952,-1.16856152395997,0.173400189879731,1.22467657173156e-12,3.82065189298676e-11
ENSG00000101255,284.169999063775,-1.07145287360874,0.15896118094428,1.2405071344759e-12,3.86335486163547e-11
ENSG00000162643,89.0649433045371,-1.55729291341398,0.23255029830806,1.3252725902739e-12,4.11313517174164e-11
ENSG00000225783,69.7496343195527,-1.7885863584725,0.266386989175694,1.33392506980477e-12,4.13287574892091e-11
ENSG00000145506,157.503635793769,1.38698374919909,0.207817026620902,1.3657031000162e-12,4.22407518001579e-11
ENSG00000254851,470.693158890391,1.061174326293,0.158277160288192,1.58755721586886e-12,4.8934755071021e-11
ENSG00000184564,43.2167565534767,-3.05532194098555,0.462254703392377,1.6865294327114e-12,5.17202359364829e-11
ENSG00000135362,111.758618662809,1.47783492879924,0.222390933848051,1.74831967988525e-12,5.3342978794739e-11
ENSG00000167549,1996.39680069426,2.16465001333407,0.33367051276395,1.88700450540976e-12,5.7283611517759e-11
ENSG00000127324,26.4056853497082,4.19444091641732,0.632512853918496,2.21451900061738e-12,6.65536776985543e-11
ENSG00000184307,101.191575318095,1.63987933096999,0.248771927758431,2.2811711773179e-12,6.84427265713749e-11
ENSG00000157617,961.826842607706,1.05507051735492,0.15945608572297,2.45697382720955e-12,7.34728889755266e-11
ENSG00000100739,134.534730275926,-1.80156310826164,0.278931796793233,2.72344248264252e-12,8.11720906562146e-11
ENSG00000169908,952.845886251463,1.12161007330206,0.170407588073991,2.79503789056631e-12,8.31685202024617e-11
ENSG00000248144,820.405087871941,1.06268437561391,0.161507865718382,3.11008009442839e-12,9.19360069880865e-11
ENSG00000162630,42.6470656443847,2.77158934309595,0.431317420151677,4.36746855575677e-12,1.27344249428117e-10
ENSG00000105835,2640.34214038423,1.01159915949022,0.154977292594999,4.49232718347711e-12,1.30443870809113e-10
ENSG00000225415,565.934634109928,-1.3833984055086,0.215812599293865,4.7446103731449e-12,1.37327149676643e-10
ENSG00000119714,54.8122250115231,-2.70447457634182,0.428196644228374,4.82469341154467e-12,1.39421268584893e-10
ENSG00000166979,130.591215090375,1.30000859106468,0.199657581240263,5.28651799489849e-12,1.51793777840779e-10
ENSG00000167642,61.5053014055689,2.01762641839307,0.312676373118783,5.43054818418562e-12,1.55681470361264e-10
ENSG00000077943,468.382323636183,1.13530660538683,0.175207325638459,5.66314922857452e-12,1.61835034690421e-10
ENSG00000186469,277.74738562296,-1.06656905702363,0.163551173129543,5.78874175363327e-12,1.64901408059266e-10
ENSG00000267339,26.2332150611532,-4.41547976462163,0.684799010065835,5.81048196214305e-12,1.65259638393318e-10
ENSG00000177606,3149.91675025451,-1.16169688448837,0.180621052124152,5.87254530862487e-12,1.66499586486043e-10
ENSG00000246763,155.491769439565,-1.49089356925392,0.232885168970156,6.53877013567773e-12,1.8337030029011e-10
ENSG00000119514,286.11148206937,-1.08331679579675,0.167184440530244,6.87866854704936e-12,1.92602719317382e-10
ENSG00000143196,1710.26532009243,1.01427051948188,0.156531248337561,7.36262282352287e-12,2.05515193117282e-10
ENSG00000149256,648.748123860965,-1.32718582933464,0.209015262344755,7.73560699434424e-12,2.14928297876757e-10
ENSG00000112715,1874.10517652625,-1.2079726153051,0.189742065997337,7.79289852263736e-12,2.15854909616278e-10
ENSG00000176928,260.113412949137,1.62850785146974,0.258562362856066,8.39489464006495e-12,2.31817366232238e-10
ENSG00000127589,307.264988823033,-1.11780302853686,0.174759942718306,1.02996081263324e-11,2.82253090781195e-10
ENSG00000196850,520.926171084248,1.12441742798292,0.177446443820214,1.3981864665928e-11,3.80272976856734e-10
ENSG00000131979,85.0690048148891,1.53112120101409,0.241735865715217,1.4082229676498e-11,3.82425851696704e-10
ENSG00000081320,1491.68998319557,1.03052535983464,0.16272864623643,1.6443597000284e-11,4.43878654354972e-10
ENSG00000154263,153.557368049674,-1.42057256462267,0.227217509751215,1.92530476017757e-11,5.14327339785511e-10
ENSG00000171819,254.882598741171,4.8266200763686,0.810458267388324,1.94426952438892e-11,5.17859203305479e-10
ENSG00000116675,50.8990625914575,2.12547398225086,0.342472316430051,2.31952186141643e-11,6.13278859311745e-10
ENSG00000138944,242.948239667584,-1.51745532417657,0.246257751531244,2.33604296873461e-11,6.16742705889056e-10
ENSG00000124249,96.6256262243365,-1.38765518504852,0.221132620584409,2.40843489286979e-11,6.3492540918462e-10
ENSG00000166793,139.258057333942,-1.19036436616534,0.189247633112269,2.47109355669857e-11,6.5049283232684e-10
ENSG00000175741,220.059925106794,1.08898438848892,0.173458412754656,2.70806984721827e-11,7.06684739291459e-10
ENSG00000102524,64.0414731737915,-1.63337100020344,0.262083137480052,3.06788030212288e-11,7.95971476372371e-10
ENSG00000129467,105.731285944338,-1.59123969088708,0.258324761792365,3.1839790320517e-11,8.24906751522359e-10
ENSG00000131459,1022.48755491405,1.17524791759318,0.191082528108264,3.5645301656417e-11,9.19536594375552e-10
ENSG00000185112,706.040640843534,1.09059685593793,0.176786302490513,4.15683350701319e-11,1.06927277886536e-09
ENSG00000102984,90.3328337493841,-1.34089927790332,0.216406415404183,4.29310895298911e-11,1.09962131591335e-09
ENSG00000143869,99.0938506755859,1.78422448512365,0.293778799767349,4.28806749146362e-11,1.09962131591335e-09
ENSG00000092969,200.644149045315,-1.43961686656052,0.235427955969387,4.3523538618817e-11,1.11321482038937e-09
ENSG00000267669,85.667253935463,1.4088944820154,0.228716627847792,5.09405267071326e-11,1.29011176626828e-09
ENSG00000102996,165.316302707453,1.21162683800756,0.197125673680193,5.57907166451473e-11,1.40113955786253e-09
ENSG00000137801,90563.3614225568,1.79887831556485,0.300009571399509,6.25394913025225e-11,1.56844521163711e-09
ENSG00000078053,358.688992464954,1.09908216146949,0.179938134694666,6.33597995733452e-11,1.58681098042578e-09
ENSG00000143786,77.7758916331867,-1.45079765712805,0.237569408775352,7.13159421281558e-11,1.77865707946737e-09
ENSG00000064309,348.466903387175,-1.51233158126206,0.255305034589113,7.94653091679314e-11,1.97371688004978e-09
ENSG00000229644,747.114560195512,1.03870089471012,0.170991383893527,7.9952827554416e-11,1.98309406665919e-09
ENSG00000153207,1843.64210251282,1.17516724068959,0.196453274948401,9.77929446068571e-11,2.40245555470143e-09
ENSG00000230018,41.519428327209,2.2291075690513,0.371327767998591,1.03238413836003e-10,2.52934113898207e-09
ENSG00000272168,89.1268202836453,-1.67617374447622,0.282482671287306,1.32960946433894e-10,3.22685300955045e-09
ENSG00000226950,220.817719307965,1.08030345672065,0.181709741242151,2.05444413535567e-10,4.9132276722458e-09
ENSG00000011198,1159.40295920204,1.07384791756004,0.182265001481254,2.13413090243281e-10,5.08357310867482e-09
ENSG00000149403,45.0596054072175,-2.07083057780888,0.351037536049312,2.14526711751429e-10,5.103358398815e-09
ENSG00000161381,489.570300375528,-1.25391017824203,0.215152940063633,2.17024300379522e-10,5.15597125750138e-09
ENSG00000134762,301.72408261974,1.20779090995632,0.204270205294432,2.23663427127246e-10,5.30670910257697e-09
ENSG00000176293,145.131631357786,-1.0973351186465,0.184643286657711,2.344931187824e-10,5.54178233012351e-09
ENSG00000163251,54.2584482235687,2.26969368904487,0.396177218052989,2.57264124475027e-10,6.05611839756357e-09
ENSG00000079257,1731.79434144066,-1.03045645050728,0.176372768137467,2.84931167162193e-10,6.68124682219593e-09
ENSG00000137872,288.770470105909,-1.30445972391151,0.224888834828799,2.86999677320919e-10,6.72101062526079e-09
ENSG00000137880,101.962504494865,1.26347524915647,0.215401994083959,3.1281445030762e-10,7.30656757506088e-09
ENSG00000128045,124.216514368742,4.40964356239371,0.830866351724412,4.0445883553536e-10,9.32634491352123e-09
ENSG00000254726,47.8948534000902,-1.99068652234352,0.345098605606898,4.19315767478691e-10,9.6565797179767e-09
ENSG00000226121,506.829471622505,1.1843662841614,0.206913218541386,5.18207846433821e-10,1.18282580846768e-08
ENSG00000025708,144.696986437221,1.17209005381358,0.202817755441049,5.26991573958092e-10,1.19983738151671e-08
ENSG00000261468,33.1838111689967,2.35301781202238,0.411921668405708,5.35548833761901e-10,1.21778266965884e-08
ENSG00000135744,657.831012191846,-1.09742844749251,0.191929709785939,5.82139023589599e-10,1.3220567850589e-08
ENSG00000136383,68.7869977048668,2.62381826050298,0.487650897810849,6.48095274430572e-10,1.46814748599649e-08
ENSG00000215386,101.441265947275,-1.29124633786931,0.224682513376471,6.5792164553485e-10,1.48853740430168e-08
ENSG00000154127,416.178934936918,1.01055833371844,0.175718134928781,6.61518344177599e-10,1.49479934614166e-08
ENSG00000157368,52.0691481246527,-2.14486017451944,0.383118154485534,6.86184138973719e-10,1.54859479273768e-08
ENSG00000040731,72.2689663645707,-1.80099200995408,0.319146744829214,7.62390157722843e-10,1.7141420603564e-08
ENSG00000070193,115.634767804767,-1.1983997651402,0.209160336360798,8.09592967251608e-10,1.8134882466436e-08
ENSG00000170873,1487.26194884797,1.73852743355769,0.315205206384501,1.11201191042105e-09,2.45432053472613e-08
ENSG00000134121,120.017910823528,1.32991518067376,0.235208569040787,1.12483934359996e-09,2.47959694911913e-08
ENSG00000143494,18.960739766621,-3.72864738034118,0.65578750345174,1.21321089263772e-09,2.65815538469543e-08
ENSG00000165072,641.088830295859,2.52968779075447,0.47245631745758,1.23434125590156e-09,2.69462972474781e-08
ENSG00000169750,73.6746294601885,1.39607514408227,0.249100162274702,1.43043316981866e-09,3.11140783090109e-08
ENSG00000105711,101.370727054434,-1.22306412692609,0.217857450757586,1.5136464408235e-09,3.2844852732767e-08
ENSG00000137959,102.245120327948,1.75988607046799,0.324879599891807,1.54284138330727e-09,3.3357932642442e-08
ENSG00000095637,44.3056674720633,1.79516807943517,0.322112891129304,1.56222886387541e-09,3.37366597286244e-08
ENSG00000137331,136.252125326876,-1.22944139115312,0.220816964615618,1.70834930466021e-09,3.66912156948913e-08
ENSG00000235750,113.615522282352,2.2149140090355,0.407516902568663,1.70643667028714e-09,3.66912156948913e-08
ENSG00000261685,48.4470782983356,2.14205374683857,0.398696071522113,2.41524553646668e-09,5.08187952317003e-08
ENSG00000124134,26.0836133664418,-2.77633715065563,0.507560939462941,2.7723794033401e-09,5.77269577379083e-08
ENSG00000147655,151.371616897987,-1.26883043260079,0.232148750779288,2.76967744980637e-09,5.77269577379083e-08
ENSG00000168481,21.0039327564639,4.47557571712753,0.822419011524221,2.91701499963365e-09,6.04593269809126e-08
ENSG00000123689,42.1345372369129,-2.50884296261298,0.482015248801352,4.07618908574374e-09,8.32410437079628e-08
ENSG00000187288,22.4448556240806,3.38647397302909,0.634127030431689,4.09810311774588e-09,8.35938862208073e-08
ENSG00000160460,175.803261819067,-1.02175748079229,0.187722673852199,4.42889384191675e-09,8.98333113132091e-08
ENSG00000235109,71.4228257725772,-1.62089719904664,0.304297562616506,4.69825856545653e-09,9.47639803717137e-08
ENSG00000166473,146.321471745754,-1.40033158609932,0.264450670218331,4.82686166842334e-09,9.6924242321837e-08
ENSG00000123610,322.72990824958,-2.40083555283332,0.473330485499177,6.19089669313933e-09,1.22945208337762e-07
ENSG00000131242,31.7090867693619,-2.05736031036666,0.386880400914319,6.33759157729621e-09,1.25443964129314e-07
ENSG00000269728,301.775957049144,1.03663965917506,0.194168127879544,6.44494056821141e-09,1.27150074754911e-07
ENSG00000164761,7614.29076464116,-1.53157300902749,0.295134624133277,7.66971937994766e-09,1.50163278891657e-07
ENSG00000204103,128.229901449163,-1.80682875783177,0.357554955042392,9.03808384816375e-09,1.75619318911734e-07
ENSG00000158813,81.9429370730574,1.39400744618817,0.26592522977549,9.42626764248976e-09,1.81985501209181e-07
ENSG00000142871,5220.26485622205,1.63029383210496,0.318831014410714,1.05286903924103e-08,2.01115831732989e-07
ENSG00000175538,105.055832619948,-1.12846998335776,0.215307197359207,1.25479799402842e-08,2.37673502398324e-07
ENSG00000138678,118.069529782404,1.10863706298873,0.212357547469462,1.35338356205939e-08,2.55274188190951e-07
ENSG00000272341,64.5644761328689,-1.39633355715224,0.269342920356986,1.4069885685613e-08,2.64290071424365e-07
ENSG00000172738,50.8391641698733,-1.69769438211089,0.330429117427501,1.48570694195816e-08,2.7877489674703e-07
ENSG00000028277,34.4572720229068,-1.95751418232164,0.382111742989897,1.85011579335555e-08,3.44474157138311e-07
ENSG00000169031,44.8711687749684,2.00806471083646,0.400707621846378,1.85112831780736e-08,3.44474157138311e-07
ENSG00000196739,439.381652013992,-1.04003859797623,0.203959248822388,2.01278461600132e-08,3.72251612263957e-07
ENSG00000235649,136.750538274165,-1.04889323510732,0.203972211483988,2.19196715728098e-08,4.02091065921574e-07
ENSG00000159167,924.318451415879,1.83560087680438,0.372609201720293,2.20873581572599e-08,4.04755327532226e-07
ENSG00000162998,89.4044039029013,1.53079620852645,0.305088887126206,2.26247133217376e-08,4.13761491498552e-07
ENSG00000100206,36.2987514806198,1.80939942479609,0.356880229888493,2.35662255191015e-08,4.30543240689401e-07
ENSG00000117600,39.2873968219258,-2.21198305295403,0.44896617778261,2.40646320212538e-08,4.38316610714392e-07
ENSG00000264868,18.1836599664755,4.01077718571362,0.79865011678498,2.44831953097597e-08,4.45490391347717e-07
ENSG00000261490,64.2625290810485,1.33530249771721,0.2626325015543,2.4820046817679e-08,4.50710054598579e-07
ENSG00000168843,69.212028908207,-1.56920952515192,0.310942186379873,2.53704728662227e-08,4.59779263038923e-07
ENSG00000155897,24.2882778293443,-3.74114989127569,0.753917783412583,2.96653179717243e-08,5.33325038550482e-07
ENSG00000163803,102.824414540975,1.32676936250615,0.265880312915992,3.23490685693796e-08,5.7868889329668e-07
ENSG00000148541,91.2055818042299,-1.35299927727148,0.271579160837748,3.33092344019729e-08,5.95274642949828e-07
ENSG00000124225,142.686011552468,-1.00825326232988,0.19893610553083,3.55672814504231e-08,6.32494298929023e-07
ENSG00000123358,180.640670589744,1.17269226441577,0.237172125165087,3.89048201685769e-08,6.86430251741466e-07
ENSG00000109265,81.4662479551366,-1.2010979036537,0.239929593030958,4.28639361579989e-08,7.53335766862608e-07
ENSG00000248869,58.0288825948884,-1.45484603244232,0.29224193820164,4.40357911777538e-08,7.73177591545527e-07
ENSG00000108960,1723.12310209931,1.56988124669604,0.324930469614478,4.71841298971626e-08,8.22847418090558e-07
ENSG00000241644,683.232981587311,1.03808378356079,0.210745382201198,4.88378479631495e-08,8.49109424540059e-07
ENSG00000125965,244.334637871174,-1.20832365927535,0.248081610370283,4.96805725057474e-08,8.61384695599652e-07
ENSG00000054938,93.3799826379335,-1.40898636989002,0.290160251162077,5.54785956105839e-08,9.52139872962451e-07
ENSG00000152495,69.1117378773133,-1.23816276770296,0.250103149055861,5.54603746479606e-08,9.52139872962451e-07
ENSG00000186198,52.6272144869608,-1.51689746089949,0.310333303040883,6.42861407850619e-08,1.08845792548003e-06
ENSG00000109625,41.4971423052559,-1.68741926713394,0.348605129404879,6.79863537763909e-08,1.14680068409343e-06
ENSG00000231924,170.447070762669,-1.00604632476437,0.203786504645994,6.95472939860103e-08,1.16875750713489e-06
ENSG00000140511,146.449098858215,1.38654334279332,0.29181043233124,7.14255700580764e-08,1.19850190811113e-06
ENSG00000213626,4674.62959092944,1.4497262544103,0.302779037654991,7.14501747570687e-08,1.19850190811113e-06
ENSG00000162817,646.066222037769,1.07451304418178,0.222466353018214,7.52532683966243e-08,1.2552885621905e-06
ENSG00000189007,169.746501137778,-1.02145340413489,0.20867946329306,7.81329980427481e-08,1.30091802466005e-06
ENSG00000138356,4456.79964784193,1.44632687180128,0.303245635985137,7.96023311666449e-08,1.32050527653812e-06
ENSG00000102385,110.998431391346,-1.00944261840935,0.205672733183985,8.17388910205619e-08,1.35345792734874e-06
ENSG00000188312,76.9541915151675,-1.21111177576828,0.248554836237728,8.23657695838177e-08,1.3625867496655e-06
ENSG00000111816,88.8399342388187,-1.07597779494826,0.220359550056968,8.32786194086211e-08,1.37455929703525e-06
ENSG00000206052,193.292889933886,-1.05495702394386,0.217491792254901,8.33181738941622e-08,1.37455929703525e-06
ENSG00000157168,57.8985291578296,-1.50469947284605,0.314764489764099,1.12749818140993e-07,1.82833158337985e-06
ENSG00000168811,36.0799212868398,-1.91877113447222,0.405647685988786,1.19283969094039e-07,1.92908388403921e-06
ENSG00000164530,108.788519591886,-1.45133514763295,0.307601509134636,1.22229360829703e-07,1.97317800759284e-06
ENSG00000109881,67.0429297128855,-1.24670390581892,0.261043317628285,1.23668427170115e-07,1.99106167743886e-06
ENSG00000122877,17.052405139134,-2.83781944351098,0.595922833312686,1.23661690055584e-07,1.99106167743886e-06
ENSG00000139354,124.247975939961,-1.05962797688108,0.221606933085799,1.36716158928786e-07,2.18551930656372e-06
ENSG00000182985,120.628543129215,-1.17501034364162,0.248284211228996,1.42183855107941e-07,2.26289432948491e-06
ENSG00000143028,99.6460830491831,1.1367138561785,0.239572737820772,1.55510841325897e-07,2.45979955332331e-06
ENSG00000181634,26.8280741823944,-2.48772807296531,0.54898717448673,1.73104322697475e-07,2.72374969186812e-06
ENSG00000123685,42.3509033628623,1.73215193852404,0.374158813461859,1.78212294097449e-07,2.79680077211941e-06
ENSG00000161267,64.1439737675728,1.348303203221,0.289675513096296,1.83304403380943e-07,2.86673460690822e-06
ENSG00000260841,69.3424500512465,1.15013904264289,0.24472697300442,2.07974728505227e-07,3.22736687126183e-06
ENSG00000167191,2745.7420434188,1.61267716755074,0.358027661128784,2.14637561738647e-07,3.32789725990652e-06
ENSG00000153208,80.1993024568157,-1.14905245838938,0.245362072642372,2.23020473137444e-07,3.4489752758271e-06
ENSG00000178015,22.9769906583041,2.31604332517459,0.505550651963535,2.23690650600945e-07,3.45637515992822e-06
ENSG00000057657,212.552949723346,1.12323876877126,0.243951758955579,2.3174242026948e-07,3.56855621033242e-06
ENSG00000254254,68.9066622714279,1.337903579364,0.291116289622313,2.39631505123686e-07,3.67434974522984e-06
ENSG00000006283,62.959894863754,-1.35762335590304,0.294494998637145,2.5914723984803e-07,3.94341183876765e-06
ENSG00000130600,108.307362761862,-1.22412576353783,0.265666095330007,2.5896711512934e-07,3.94341183876765e-06
ENSG00000247311,17.5620741427689,2.45683845562506,0.53635281803531,2.70402245774326e-07,4.0973893242039e-06
ENSG00000235513,28.1190025042341,-1.98675343333931,0.438761786791398,2.84801024994296e-07,4.29751638719426e-06
ENSG00000077264,81.8107136787186,-1.12275907991743,0.243334739578381,3.09476821829503e-07,4.64653293191474e-06
ENSG00000145911,65.4288290674931,-1.27120282931393,0.279143443557791,3.35388677766397e-07,5.00225693753819e-06
ENSG00000171877,91.1571869867535,-1.19280763857763,0.261591301889013,3.38875331602603e-07,5.04591245207113e-06
ENSG00000112218,58.5465537847792,1.30683491364645,0.286637904856005,3.506156974258e-07,5.20354095142553e-06
ENSG00000019186,14.0875173434919,-4.00114017703293,0.892627019587383,3.94459544568656e-07,5.81593990814555e-06
ENSG00000070808,23.5852977806582,-2.12319474943778,0.47610425881604,4.31270383939548e-07,6.30199964602749e-06
ENSG00000048540,60.0651412567296,1.28928905181445,0.285920255816246,4.33334141550528e-07,6.32702934448512e-06
ENSG00000150594,41.651403552087,-1.92739353081541,0.441180787780629,4.34678329204712e-07,6.34152073804156e-06
ENSG00000165895,108.535420853438,-1.27462605505526,0.287356357961694,4.35080684992999e-07,6.34225942748081e-06
ENSG00000108700,15.0226558747118,-3.71107405574501,0.867059947107382,5.446446731818e-07,7.75140706141611e-06
ENSG00000179300,68.2349431313031,3.24771974131763,0.830006259270341,5.81688413145145e-07,8.2395958097669e-06
ENSG00000135604,21.3325453810853,2.19267045171484,0.499294551969597,6.34617183086438e-07,8.90538291471957e-06
ENSG00000160145,42.1559705694256,-1.49589436336556,0.341659213070219,7.01417187638674e-07,9.75282585855037e-06
ENSG00000171385,119.492843287514,1.32918495392173,0.310359366551752,7.0149817760314e-07,9.75282585855037e-06
ENSG00000106483,437.582820754997,-1.02120533940575,0.233391013306638,7.32627494018249e-07,1.01387098788466e-05
ENSG00000171189,62.939300053128,1.75185326898153,0.41715964582769,7.57078939442332e-07,1.04450248171569e-05
ENSG00000164929,57.2139334820852,-1.26554405664008,0.289640850335756,8.59819214108626e-07,1.17545565343493e-05
ENSG00000167771,45.611108328419,-1.34358716594073,0.309755951908774,9.53930880379015e-07,1.29430260609439e-05
ENSG00000072571,36.6278171475339,1.42963366271731,0.33208144869561,1.08399573162238e-06,1.45436093992669e-05
ENSG00000107611,41.0818870131441,-1.40606803437239,0.330852148562013,1.37076803627559e-06,1.81747714927364e-05
ENSG00000173947,78.030910778508,-1.1074687840706,0.25908068420816,1.39672279237463e-06,1.84781404197353e-05
ENSG00000182836,24.8480423376056,2.825685502908,0.74303544367266,1.70206166810064e-06,2.21759942190685e-05
ENSG00000211448,662.63316137939,1.53436923627731,0.378499100581393,1.70170702817931e-06,2.21759942190685e-05
ENSG00000165105,33.6344110705797,-1.77234175937845,0.430952483596691,1.95884142178584e-06,2.52479117352697e-05
ENSG00000244490,75.213124650084,1.06069382979963,0.251692455216932,2.01076013879696e-06,2.58432122756855e-05
ENSG00000115828,345.355415005522,1.07528392762001,0.263684225490479,2.13048348128594e-06,2.72074207751757e-05
ENSG00000129048,1441.83170652588,-1.31846519692034,0.328093159836443,2.50208369857629e-06,3.15620518789911e-05
ENSG00000066468,28.7031609448735,-1.94060651986442,0.482091881634536,2.65035741827905e-06,3.33504849730689e-05
ENSG00000154736,3780.49568538734,2.04217732167641,0.544703201372278,2.76907933760296e-06,3.47232535574802e-05
ENSG00000243742,21.2155210445864,-1.95334415582596,0.486020550297208,3.05455014505596e-06,3.81174036094458e-05
ENSG00000267480,24.2621807842876,2.14516613262163,0.549339630527815,3.11362889091945e-06,3.88009372225705e-05
ENSG00000184985,66.8379829605404,1.08138271324404,0.263225414159753,3.31227407267562e-06,4.09649698755054e-05
ENSG00000095585,21.112756321606,-2.29678494953856,0.581937719769823,3.55553573691444e-06,4.37933199508478e-05
ENSG00000015520,17.5126902473431,-2.53406668591181,0.639149151312542,3.65681032884897e-06,4.49486052145908e-05
ENSG00000198108,41.0023438855144,1.30135829577822,0.32252106275928,3.71387510296762e-06,4.55541245964307e-05
ENSG00000253833,84.9518425316552,1.05231583048394,0.2594979768849,3.71617775517688e-06,4.55541245964307e-05
ENSG00000177575,10.1021614404928,3.93239978969835,0.961373720103567,3.85910767918874e-06,4.70503243212517e-05
ENSG00000180672,133.2480638932,1.15896229298763,0.29463650005299,3.98608390130666e-06,4.84450950629151e-05
ENSG00000214274,62.0381840241941,1.02641809839893,0.252641834150731,4.12758911208112e-06,5.00865995081069e-05
ENSG00000106003,16.4281623709883,-2.4175649585535,0.61436287993797,4.15963749342075e-06,5.04076500546794e-05
ENSG00000163017,1159.27296789865,1.4683212934034,0.380679774076684,4.22885529477795e-06,5.11776635405611e-05
ENSG00000187634,61.9616066700095,-1.46267441702161,0.38039597481972,4.33430823591557e-06,5.23835429691887e-05
ENSG00000138135,37.8397097714386,-1.506546407341,0.385471965962278,4.4838297494751e-06,5.40457339856518e-05
ENSG00000109674,47.9137964257685,-1.28938530765398,0.327986131703337,5.282897985803e-06,6.31287054208083e-05
ENSG00000123405,13.5285848772424,-2.4844725093619,0.636267938196748,5.76310949184091e-06,6.83237280452828e-05
ENSG00000173083,49.719619032685,1.22776099610583,0.313326968244112,5.93155704082103e-06,7.0136286268908e-05
ENSG00000179862,55.1845099880075,1.27255632978241,0.330295660455782,6.22393933393958e-06,7.33529895879729e-05
ENSG00000102760,1136.38757496646,2.49282634854911,0.739543570134656,6.28678900820698e-06,7.38865918717038e-05
ENSG00000174680,14.3888594220334,2.68849132317738,0.719901230343023,6.28360979198278e-06,7.38865918717038e-05
ENSG00000258016,41.5295662491666,1.26982872220303,0.326098519136652,6.33436248644273e-06,7.421781959424e-05
ENSG00000101447,161.47796510134,1.10455348512018,0.287143055233077,6.68330108247741e-06,7.80513461624581e-05
ENSG00000261425,22.8002084730873,-1.76834481729302,0.458402076022907,6.73120051692357e-06,7.85103542827722e-05
ENSG00000240859,51.3820604914993,1.13444772245866,0.290248508812417,6.74425136785407e-06,7.86117263510955e-05
ENSG00000021645,35.9586783335188,1.70536230761967,0.456213126525001,6.82618305947152e-06,7.94127309215422e-05
ENSG00000128262,161.63828740908,1.1565666653903,0.308450868840594,7.01593894811621e-06,8.13578206510814e-05
ENSG00000105088,53.2751323795852,-1.25476328374339,0.325222465785975,7.04812681330025e-06,8.15994012263302e-05
ENSG00000132518,5.65470690189454,6.45920859867421,2.65457780392086,7.72329834896698e-06,8.85919311886594e-05
ENSG00000130032,46.2304155367993,-1.87082204985583,0.500119388982912,7.849755906504e-06,8.98139584429442e-05
ENSG00000172399,18.930254444633,2.17175193041507,0.580257431649232,8.61039215986741e-06,9.7772412737235e-05
ENSG00000165891,39.9867489809378,-1.41455180383129,0.375704842776829,8.63728903625151e-06,9.80161081823079e-05
ENSG00000165125,29.8611639797166,1.51946673917283,0.402493902894244,9.19277177208811e-06,0.000103797157541824
ENSG00000100302,35.8445158131682,-1.77152739109119,0.49565186424706,9.40480309118084e-06,0.000106058417348451
ENSG00000249364,8.83918349519796,4.64741971434192,1.29048742863754,1.00648908030355e-05,0.000112937219017011
ENSG00000145423,53.7236363724714,-1.31506505587427,0.346602125461548,1.03473019567611e-05,0.000115674239853885
ENSG00000179388,47.7434578840788,-1.53506054350784,0.431625429545755,1.20530714119626e-05,0.000132930265260251
ENSG00000173110,13.4569152475954,-2.34676327717407,0.636452413046222,1.24949788752166e-05,0.000136716904780282
ENSG00000183696,109.438759094663,-1.04758345472457,0.282922970555945,1.28577723589631e-05,0.000140260950500195
ENSG00000166510,129.701465849576,1.03868869585767,0.280052955380171,1.3372903615667e-05,0.000145440408925035
ENSG00000230417,33.4410126094382,-1.46690016459112,0.402608280191136,1.36123515806183e-05,0.00014768828140897
ENSG00000144362,62.3743684145395,1.22265489471717,0.335916048282663,1.41639474822754e-05,0.000153488161658888
ENSG00000165899,27.8518859668095,1.62732386903533,0.453768651421457,1.57729075070039e-05,0.000169598728781332
ENSG00000133401,90.8127317297427,1.03951426041459,0.283361731647791,1.62077401737668e-05,0.000173859590013898
ENSG00000267528,18.3332973925955,-1.93943861727618,0.536949374648193,1.67363419627112e-05,0.000178743544774035
ENSG00000273259,8.86087720009819,3.63372119434247,1.05344440509443,1.70384529487785e-05,0.000181655422987024
ENSG00000116106,292.733728996118,1.00442712081767,0.280309331210114,1.74012159547071e-05,0.000185120192386595
ENSG00000064692,42.2001623189897,-1.34112673981785,0.374210618401777,1.89884972364139e-05,0.000200351423152145
ENSG00000041353,59.9421853235758,-1.37015840210494,0.385571157265936,2.05017432832611e-05,0.000214311556454356
ENSG00000179242,58.3370251108391,1.16648978210455,0.326094683373318,2.07295862176636e-05,0.000216567728086274
ENSG00000128285,6.62464689043904,-4.81356157954645,1.50795370027914,2.09327791921372e-05,0.000218311089874273
ENSG00000169302,37.4414362080393,-1.35976808934543,0.382129216812029,2.14218603143735e-05,0.000223024818238327
ENSG00000132326,92.5623515426704,-1.10150031724664,0.313882608827131,2.42570935472811e-05,0.00025037430500548
ENSG00000108387,19.0736661708649,1.7678475756604,0.507991305760169,2.49319019398548e-05,0.000256312460535611
ENSG00000004799,914.370594679048,2.25129965505381,0.748171206704451,2.57854253325017e-05,0.000263435008269502
ENSG00000100292,2399.36890186206,-1.1183784261331,0.323147222581799,2.66671006789322e-05,0.000271366342800511
ENSG00000188916,53.1581029233325,1.722329872632,0.545461540943307,2.80424986384145e-05,0.000283443013143437
ENSG00000067798,705.207281858137,1.80831348923483,0.569629296307216,2.90363014968413e-05,0.000291364823923785
ENSG00000185585,1446.10642481102,-1.36054402472056,0.409069482680944,3.11716084943636e-05,0.000310888520116352
ENSG00000102575,34.588683583532,-1.27000700188914,0.369120056887048,3.7933980634004e-05,0.000370745549480954
ENSG00000184156,16.2913207397899,2.08132022380053,0.642679151595259,3.94189046253542e-05,0.000384424926016435
ENSG00000140600,11.2051862781286,-2.54925678586054,0.749887899127305,3.95007278939795e-05,0.000385014662369859
ENSG00000108924,56.2679289991792,1.13803849414055,0.332273098491282,4.05221582777657e-05,0.000394331116062963
ENSG00000145569,20.5338046400784,1.93633431437766,0.591095482790617,4.12318654758584e-05,0.000399942441237589
ENSG00000260802,6.72314403781662,4.80959316023956,1.64653945680555,4.25276614516519e-05,0.000411041695421441
ENSG00000174808,48.339414723839,1.14785666127515,0.336308216432715,4.29779477502939e-05,0.000414648664437293
ENSG00000184408,50.9612918675993,-1.32792758561908,0.401507168342215,4.65359311029628e-05,0.000445164938805637
ENSG00000135917,50.6421732584236,1.14872651878438,0.343037774110711,4.77133277961253e-05,0.00045522049038081
ENSG00000171509,35.2184287096715,-1.5290729227382,0.480193605154993,4.82121276718738e-05,0.000459250441721727
ENSG00000121621,31.7907465435411,-1.4039018219984,0.426615324047922,4.88161111520389e-05,0.000463778775707885
ENSG00000253139,15.6381285076394,1.95061812023797,0.595576307890584,4.9690335746647e-05,0.000471587439043968
ENSG00000175489,9.24960439883729,-3.01266438126868,0.921716795506973,5.00344124153173e-05,0.000474104321951131
ENSG00000170323,8.79470657325092,3.23087934409174,0.991141386847988,5.19813249764349e-05,0.000489721657249255
ENSG00000163485,45.7488367839578,-1.3682537055919,0.428463573555967,5.30928789144682e-05,0.000499932528765373
ENSG00000168918,16.1499135590953,-1.83947112166315,0.562310403313636,5.43181196617143e-05,0.000509341827217906
ENSG00000152463,7.53317434146912,3.39770487633096,1.02205261047519,5.88250188826467e-05,0.000548182294827848
ENSG00000099849,42.7950101182452,1.08050635668517,0.323881785509902,6.07942861759941e-05,0.000564491538787604
ENSG00000165495,15.3546494721503,-1.9333554791029,0.610177119195068,6.91459380365798e-05,0.000634847023765584
ENSG00000162595,61.9784434040218,-1.04261119704357,0.316091874981538,7.38864139589393e-05,0.000675618568208719
ENSG00000164509,48.7026899350254,-1.07608485465345,0.327259612308208,7.47052146458425e-05,0.000681033584678378
ENSG00000142149,38.4038194097323,-1.25908982798685,0.389696063059205,7.693163586837e-05,0.000699209303416557
ENSG00000084710,10.3957442696493,-2.40186681170242,0.755586012685009,8.00461372117104e-05,0.000723504734938126
ENSG00000180287,29.4638502789825,1.64951151328909,0.520872835375926,8.01580630612188e-05,0.000724153403366682
ENSG00000256340,37.9956639989542,-1.11705134562273,0.344585132200319,8.23174991169849e-05,0.000742174572038736
ENSG00000164122,19.155848874141,1.79140066192727,0.585903336584744,8.59796960064585e-05,0.000771336257904706
ENSG00000165244,42.8256127905783,1.04103805952434,0.32206171208891,9.39991709749342e-05,0.000834560832604635
ENSG00000178662,37.9029372074625,-1.09701977382552,0.341606900896878,9.4148147469988e-05,0.000835472143296665
ENSG00000185052,35.7468307721732,1.34117797017389,0.425976185044061,9.6497400520842e-05,0.000853798393617185
ENSG00000137869,63.2500575639689,1.04952208407894,0.332948413479488,9.76913519685969e-05,0.000862669176639442
ENSG00000039537,22.951947955658,1.59207771180922,0.521953368246578,0.000105429012134716,0.000925557909840892
ENSG00000171227,14.6397787929251,-1.89891300476144,0.620397849810301,0.000117377776907278,0.00101806448926986
ENSG00000122679,10.3539982692666,-3.34623936703583,1.13271624839337,0.000119850396482002,0.00103751432998726
ENSG00000138379,135.45935472084,1.04274534155193,0.343543172590291,0.000120440166225111,0.00104211951889213
ENSG00000164106,26.2834680209629,1.31274481191432,0.426852234170131,0.000122419890389907,0.00105722004957414
ENSG00000176387,16.9408210506285,-2.13817841375684,0.788782377758628,0.000127004890999299,0.00109210881950375
ENSG00000134259,45.1206994289656,-1.11023600427816,0.361546479293136,0.000127386107640894,0.00109486477263137
ENSG00000197210,18.1130384714363,1.66049329064461,0.557960253756974,0.00013295875201068,0.00113841985577235
ENSG00000223764,25.8912804732707,-1.52712989963526,0.531279043307777,0.000148568116279719,0.00125420424754489
ENSG00000206172,11.1291277867445,-2.08547210992656,0.705118727498017,0.000155851377922183,0.00130763264071919
ENSG00000073756,71.6189971631724,-1.15470048943825,0.402748337180517,0.000157261042138832,0.00131649540939992
ENSG00000139269,16.8064799247861,-1.55249367684778,0.523027825952124,0.000160659914449613,0.00134183398673248
ENSG00000132321,24.9707396228093,-1.28071355549221,0.429218279295208,0.000171465628647476,0.00142285697918605
ENSG00000141431,29.9980876174043,-1.26476889149928,0.427852220117304,0.000173487702644468,0.00143831276049887
ENSG00000154856,1452.40496387002,1.338140773375,0.482702055231389,0.000176995851195087,0.00146336047168721
ENSG00000139055,17.496973574804,1.64600078065349,0.568822619669396,0.000179987077005363,0.0014840086751535
ENSG00000261589,78.4317516573101,1.02570336760275,0.349019017084008,0.000182481491784892,0.00150251427391104
ENSG00000268894,6.62879201228482,3.5714194920382,1.25253058187752,0.000188654424357223,0.00155050892434341
ENSG00000171617,710.664322978832,-1.08177853196316,0.37396360987561,0.000190762442098684,0.00156498105365035
ENSG00000135678,856.463921789611,1.1587070964225,0.409592507007949,0.000200831839065075,0.00163642102215157
ENSG00000174944,21.3632883755612,1.35897783020459,0.471141270671832,0.000206078569936542,0.0016761428836697
ENSG00000108688,14.1400017246593,-2.50870191455911,1.11541495076773,0.00021495861338231,0.00174051805860342
ENSG00000223949,17.3539296149798,-1.54648597078946,0.544547255138781,0.000216672045364065,0.00175046161380144
ENSG00000215481,10.2941847110896,2.10756049458897,0.752876209928956,0.000226970303175792,0.00182629563001601
ENSG00000183454,5.80409129264891,-3.71649478160723,1.33355772264895,0.000238963410941205,0.00191192879343153
ENSG00000123572,108.027322351785,1.01681932626351,0.362440061878222,0.00024177109286943,0.00193245405435353
ENSG00000240764,29.2635996466608,-1.11474972398899,0.381564323384168,0.000241988583922164,0.00193247924946168
ENSG00000248187,7.68952994258655,2.88148686545365,1.04325770062206,0.000247784198221469,0.0019735179603929
ENSG00000108231,21.5533025098256,-1.62680863982539,0.60389132805425,0.000260735970853657,0.0020693622475498
ENSG00000213763,32.5538782535637,1.08873800840419,0.379709060733069,0.000269501252508418,0.00212675999353689
ENSG00000196196,27.9638685149155,1.27383211084581,0.460044045241071,0.000270497245491213,0.00213275309606365
ENSG00000197943,21.5353661062071,1.36392794790951,0.492425073778473,0.000274130552803951,0.0021566850471906
ENSG00000074660,29.0085221353746,1.10096064391338,0.383315259440532,0.000274276519431713,0.00215689236737577
ENSG00000260455,11.6950477447113,-2.04363746932515,0.756722661852064,0.00029208674245575,0.00228598443574743
ENSG00000259426,29.0229650387736,1.41307342753803,0.55377271795977,0.000315584896509231,0.00244652917190647
ENSG00000169297,9.59290432504572,-2.63211732632087,0.952952658151817,0.000332301135474421,0.00256289738018595
ENSG00000137673,5.10282975229036,3.9196576269126,1.71323565323821,0.000332459813323458,0.00256302494820376
ENSG00000203685,8.00352163341267,2.34257825892757,0.890350209954251,0.000352716969122322,0.00270071863575954
ENSG00000269289,8.28398322495474,2.6233896356907,1.07872896218266,0.00035552191046034,0.00271962917165057
ENSG00000006788,10.2534484705697,2.59625680576389,1.08283538204763,0.000363514198373233,0.00276460903629951
ENSG00000116690,24.9241198332869,1.52548465902712,0.611895019901791,0.00036765477171329,0.00279256564597054
ENSG00000177453,58.5042434163755,-1.14664682383791,0.446578370242037,0.000379158601821789,0.00286306026300272
ENSG00000198691,38.6474516071606,1.07954462735341,0.408322757081846,0.000431449884242805,0.00320160671303139
ENSG00000175928,11.3933402427726,-1.79297598556178,0.694319315708008,0.000465374273173838,0.00343215905679781
ENSG00000237928,7.32018678586575,2.53159708340852,0.969873802699353,0.000478848753471404,0.00351714897050768
ENSG00000183831,17.930122332952,-1.59697676636155,0.665109109313997,0.000513613238889916,0.00374958458447893
ENSG00000145242,26.3218179169868,-1.18203635661088,0.45764964948293,0.000517042823821064,0.00376851907806848
ENSG00000231246,5.97046959812093,2.81250327994939,1.07923119431901,0.00052563688059045,0.003823430508595
ENSG00000128594,19.009262298397,-1.35903305713196,0.535849460798755,0.000533969334656293,0.0038793453031919
ENSG00000130592,19.9432991680427,-1.47330916500222,0.606755746111799,0.000545326660939254,0.00395230319536038
ENSG00000254842,11.456641092336,2.0663861037155,0.942930443968402,0.000560876003997419,0.00404386889407495
ENSG00000126860,22.3216226039413,-1.20363941653949,0.470843362501504,0.000575804996845682,0.00414156988556894
ENSG00000136267,8.39930227414,-2.75792228055781,1.10147729207471,0.000596175217371929,0.00426935326435688
ENSG00000272796,17.6400790331034,-1.34129711373285,0.53291400871717,0.000616930095241924,0.00440050770466866
ENSG00000123612,20.5203830068849,-1.193860816835,0.467037438294316,0.000621548838970732,0.00443169974864382
ENSG00000197594,665.058706074341,1.04487841767311,0.428087661907929,0.000675846977530852,0.00476977425342336
ENSG00000227268,22.4117295944599,-1.25632642883704,0.51659820077914,0.00067813160631783,0.00478219363516743
ENSG00000219565,5.21232379167883,3.09827117917668,1.32522089078473,0.000697687141956355,0.00490666713875078
ENSG00000166670,7.56977942306561,-2.39671303931125,1.04628669084343,0.000704509064450065,0.00494500095374215
ENSG00000119703,28.7983998291707,-1.01507772114268,0.396019388514162,0.000717794732888172,0.00501871834953064
ENSG00000144648,25.4176323153014,1.39664964993797,0.623284457768796,0.000750501474501143,0.00522915092279931
ENSG00000103257,403.745805891872,-1.01952284551878,0.422913436805663,0.000752720847092043,0.00524258876584153
ENSG00000064201,16.9796928099119,-1.30295402281097,0.532497617634105,0.000763491178556157,0.00530122176808803
ENSG00000165388,13.1881448925174,-1.90932959940459,0.863032734514828,0.000771319702413098,0.00534939879765884
ENSG00000137960,19.6686256264687,1.2426861136722,0.507814846038844,0.000791266251642598,0.00546880530840143
ENSG00000172497,22.9676734512283,-1.30104362655851,0.566294221408562,0.000798750939844316,0.00551181225650205
ENSG00000158125,23.1712693632817,1.1206570829271,0.463695957576577,0.000875753509307424,0.00596359036247412
ENSG00000166292,38.5174899963026,1.06654752185576,0.452765708212839,0.000886488907151179,0.00602986343785366
ENSG00000070388,5.9576691851853,2.34290209366863,1.01951338217349,0.000955725768994843,0.00644338222224311
ENSG00000125657,13.3115501200415,-1.45367060510166,0.636872249641834,0.00098401902407822,0.00658887153441458
ENSG00000188501,7.45180015439393,-2.27977877806738,1.07574051068979,0.000998042889108674,0.0066684239570316
ENSG00000224124,46.2853640928895,1.05129564975262,0.469617223840784,0.00102438215845603,0.00682114441701593
ENSG00000258457,8.33136465987665,-1.97559025046974,0.890097879045354,0.00104471275546015,0.00693858578506721
ENSG00000177272,41.5240736090763,-1.04362044635094,0.463564037333655,0.00107419007785688,0.00711079129365463
ENSG00000167311,26.901352045532,-1.06124013762106,0.447155985060658,0.00111093095287024,0.00730208243285326
ENSG00000079101,6.7724663151121,-2.48406298234843,1.52681744740576,0.00113906268567505,0.00745808945101401
ENSG00000057294,15.1127149651052,1.51921736034846,0.703511425382289,0.00114583162904218,0.00749424589586095
ENSG00000254987,8.69567232319854,1.8659362283439,0.851965179824238,0.00115315974708278,0.0075367077054718
ENSG00000166762,15.0252814715236,-1.31745138571409,0.580732079348162,0.00115923926968556,0.0075633300641576
ENSG00000168062,31.0878831668452,-1.09015992596007,0.487733841780572,0.00116994568228922,0.00762430811096465
ENSG00000259886,15.971915512095,1.26579874033951,0.557138449745261,0.00117208578028278,0.00763273773566601
ENSG00000160223,16.5436852829633,-1.27285260429729,0.560327162775843,0.00117308811374,0.00763650717218763
ENSG00000162267,7.85434249737202,2.35627181362879,1.44228767260666,0.00117996870645885,0.00766745791526705
ENSG00000272327,19.7531893446655,-1.24577907723573,0.54921290183942,0.00118671075085492,0.00770016849925006
ENSG00000159200,2858.61921795787,1.09884245446661,0.522090867893823,0.00120198408965151,0.0077880622007172
ENSG00000138483,4.87045243050388,2.85369567058805,1.26081598784511,0.00121124684147442,0.00784244274523043
ENSG00000224080,9.11021741192982,1.76486214720345,0.864195375006347,0.00126782893158852,0.00816190335394654
ENSG00000160097,14.6509596579192,-1.31677244979733,0.602218259591193,0.00128229551471628,0.00824032527489803
ENSG00000260396,17.2763069473606,1.23282374079851,0.558346675337565,0.00128780621591234,0.00827279005533713
ENSG00000110203,19.0696601798991,-1.11883919602421,0.495226033803947,0.00137503168079678,0.00876133260357865
ENSG00000270689,4.50367827996702,2.93720584935339,1.54156596290026,0.00138018769848842,0.00878797478077087
ENSG00000261121,7.00515534339253,-2.25812656489413,1.19803428890737,0.00141566311554246,0.00898846383783859
ENSG00000155849,22.5682073698067,1.11062244436887,0.49632844781306,0.00143977805940755,0.00911910009386617
ENSG00000084674,202.115326504125,1.20172241848908,0.653409071609939,0.00172480919861022,0.0106076942255592
ENSG00000223811,5.68496595888995,-2.37188163285654,1.36199444889935,0.00173837147262378,0.0106838154036646
ENSG00000069535,394.751457626642,1.00262239348697,0.498906340040162,0.00184746868536839,0.0112583830126944
ENSG00000250934,4.86372304781545,2.47770433739011,1.22936791909546,0.00185873820591057,0.0113155865391558
ENSG00000108602,7.42542324810674,-1.89530760647072,0.973460723037242,0.00186654059721167,0.0113515885493831
ENSG00000196668,20.8041192502104,-1.06144963922893,0.496888051474374,0.00188587660803952,0.0114460205305179
ENSG00000213420,15.8713469673547,-1.14619408391978,0.552516571665876,0.00202911179682167,0.0122085231632594
ENSG00000270093,11.0488827412884,-1.45887998086047,0.769892142321568,0.00209468175945746,0.0125527755023386
ENSG00000004846,17.9989448799634,-1.24253169394416,0.664073977953143,0.00216184816610023,0.0128910205460051
ENSG00000188536,8.6825047864436,-1.59676980851669,0.847156655803738,0.00223619380908966,0.0132554394363921
ENSG00000229647,5.0442113174197,2.27971505081973,1.25535595656745,0.00223908943884917,0.0132682421167691
ENSG00000124466,19.9281821004627,-1.02858881956903,0.50541154993083,0.00234161597467177,0.0137862959500376
ENSG00000259448,9.6188807869603,1.4238679228049,0.75592942493975,0.00234865947146714,0.0138131205445191
ENSG00000226887,6.36701928860477,1.93976847233893,1.20354376912407,0.0024246871030593,0.0141908334444548
ENSG00000261827,11.5445579361005,-1.37977646831544,0.775166832607916,0.00245599547489659,0.0143461322978086
ENSG00000159713,14.1185093126775,-1.15038136250776,0.593413467180883,0.00262698398968849,0.0151854417330023
ENSG00000250657,4.80563836864765,-2.49605248325992,1.45734283008626,0.00262831431059784,0.0151854417330023
ENSG00000215018,6.92767301176962,1.74433719553938,0.982092261286743,0.0026769219116751,0.0154119591032329
ENSG00000180139,22.23619107528,1.04070489396858,0.556668077439083,0.00278175923151647,0.0159493425954547
ENSG00000157502,5.89757676214534,2.3065495218782,1.41942511521935,0.002857781852811,0.0163126060050294
ENSG00000104951,7.10203025372704,-1.73145162177339,1.03690694450081,0.00289160955164507,0.0164857171926382
ENSG00000184545,18.6659149050607,-1.17633635786678,0.686087973453452,0.00289193121821327,0.0164857171926382
ENSG00000108684,7.44566527361518,-1.73341473965525,1.40572276894605,0.00293840135010462,0.016719865302962
ENSG00000172348,543.783192189063,-1.06034213434876,0.666631085128225,0.00297208486033468,0.0168636356833087
ENSG00000178734,14.3864056543608,-1.15829705590913,0.641027010995113,0.0030026735490022,0.017010433375937
ENSG00000114115,20.0103094822935,-1.1134141432203,0.6415663407173,0.00310318499984752,0.0174319725598911
ENSG00000183092,4.67306085602353,-2.32399218468838,1.37616270050324,0.00334766854813207,0.0185453638279316
ENSG00000244301,8.08134356605145,1.48141038430562,0.9436016414337,0.00354629796570034,0.019513837326063
ENSG00000117594,766.252163755667,1.02519839900425,0.727601896005134,0.00359948208535113,0.0197582529567889
ENSG00000267683,6.11943702063457,-1.70491294114792,1.0692754310485,0.00365068100225374,0.0200027589889515
ENSG00000130222,12.6109731120176,-1.28351768463838,0.809957917342837,0.00367211258216396,0.0200774815286781
ENSG00000270605,13.9098642505012,-1.1022214432071,0.625583884822756,0.00367392790855903,0.0200813179894321
ENSG00000115468,11.2519552960137,2.06599895653829,1.26803288029845,0.00379565878522872,0.0206465517994704
ENSG00000168079,406.535098086394,1.04358627467402,0.74846204919791,0.0038371752002547,0.0208346712469114
ENSG00000156453,14.7487648593242,-1.23193034506217,0.818979668405311,0.00384853895376308,0.0208837960921625
ENSG00000213402,14.3507751170312,1.07957807057794,0.622891518845448,0.00386596201874095,0.0209657224426878
ENSG00000132854,6.00933759621134,-1.95116858573007,1.40813551598504,0.00404677325737508,0.0218215955074723
ENSG00000162894,22.4453074678526,1.04699949171096,0.651031353205375,0.00434194295144185,0.0231844581878589
ENSG00000167653,14.9233603307321,-1.31921070761273,0.860434248714726,0.00447841517528424,0.0238360836172875
ENSG00000164142,6.90574971101849,1.48618735400366,1.05906795886323,0.00450256777312884,0.0239287657191451
ENSG00000182674,6.47196428454148,-1.74129988646051,1.23083604968694,0.00482222627262589,0.025358525560802
ENSG00000169129,10.2480487467381,-1.25213060096607,0.906967115800318,0.00485807208594048,0.0255098298933252
ENSG00000102468,11.2001521011001,-1.20869685596627,0.948931498506623,0.00535199198943383,0.0276677871220884
ENSG00000147041,11.1239745090234,-1.23772518086475,1.0300457646721,0.00536976647547411,0.0277204778373172
ENSG00000111490,15.9099485969693,-1.02894760163692,0.771158489060863,0.00544325599925277,0.0280196380755141
ENSG00000041515,10.1316555228039,1.12556730796972,0.794520595430201,0.00547438650898092,0.0281236859059669
ENSG00000182732,5.22394214557759,-1.64075204376061,1.38846901626318,0.0056245735861761,0.0287804514489011
ENSG00000211574,10.9421757558928,-1.06047484327357,0.760153101789732,0.00638945005477387,0.0319419360653403
ENSG00000197046,4.93633951502668,-1.43665824672472,1.5529157489103,0.00818281818611693,0.0391386147299895
ENSG00000225383,8.27388504113066,1.01942286214664,1.28359428731571,0.00826289727158928,0.0394170803178037
ENSG00000204335,5.19260256755656,-1.27758915415622,2.3668538931766,0.00843321909259692,0.040038916976753
ENSG00000260807,9.29035889733276,-1.0016042503157,1.06268994532815,0.00857988074549495,0.0405962764635961
ENSG00000172602,5.81975935491294,1.10759261790136,1.66794391660316,0.00913626423620283,0.0428243089958954
ENSG00000171316,7.60655182666576,1.03169224440764,1.19990731661393,0.00974942221048557,0.0450542238081691
